customer_id,nickname,gender,age_group,home_branch_id,joined_date,age_group_order,is_minor,home_branch
C00001,กมล,หญิง,18-24,B02,2026-03-03,2,False,สีลม
C00002,กิตติ,ชาย,25-34,B04,2026-01-18,3,False,บางนา
C00003,ปิยะ,หญิง,18-24,B04,2025-05-04,2,False,บางนา
C00004,ปิยะ,หญิง,18-24,B05,2026-05-05,2,False,มหาวิทยาลัย
C00005,รัตนา,หญิง,25-34,B04,2026-07-10,3,False,บางนา
C00006,กมล,ชาย,18-24,B04,2026-08-16,2,False,บางนา
C00007,วรรณ,ชาย,45-54,B03,2026-07-17,5,False,อารีย์
C00008,ภัทร,หญิง,25-34,B01,2026-04-07,3,False,สยาม
C00009,ภัทร,ชาย,18-24,B04,2026-01-10,2,False,บางนา
C00010,อัญชลี,หญิง,18-24,B04,2026-06-15,2,False,บางนา
C00011,ธีร,ไม่ระบุ,25-34,B05,2025-07-27,3,False,มหาวิทยาลัย
C00012,วีระ,ชาย,25-34,B04,2025-06-28,3,False,บางนา
C00013,อัญชลี,ชาย,ต่ำกว่า 18,B03,2025-12-02,1,True,อารีย์
C00014,เกศ,ชาย,18-24,B03,2026-04-16,2,False,อารีย์
C00015,มานพ,หญิง,25-34,B03,2026-06-26,3,False,อารีย์
C00016,วีระ,ชาย,18-24,B05,2026-08-11,2,False,มหาวิทยาลัย
C00017,จิรา,หญิง,25-34,B04,2026-04-05,3,False,บางนา
C00018,วรรณ,หญิง,35-44,B03,2026-02-11,4,False,อารีย์
C00019,ธนา,หญิง,35-44,B02,2025-06-05,4,False,สีลม
C00020,ภัทร,หญิง,25-34,B04,2025-07-03,3,False,บางนา
C00021,พิม,หญิง,25-34,B03,2026-07-18,3,False,อารีย์
C00022,กมล,หญิง,25-34,B01,2026-02-14,3,False,สยาม
C00023,ภูมิ,ชาย,18-24,B02,2026-01-11,2,False,สีลม
C00024,กมล,หญิง,55+,B01,2026-08-07,6,False,สยาม
C00025,จิรา,หญิง,18-24,B01,2025-05-29,2,False,สยาม
C00026,ธนา,หญิง,35-44,B05,2025-05-05,4,False,มหาวิทยาลัย
C00027,สมชาย,หญิง,18-24,B05,2025-10-08,2,False,มหาวิทยาลัย
C00028,มานพ,ชาย,45-54,B01,2026-04-29,5,False,สยาม
C00029,สมชาย,หญิง,45-54,B01,2026-05-01,5,False,สยาม
C00030,กิตติ,หญิง,25-34,B01,2026-07-12,3,False,สยาม
C00031,อรุณ,หญิง,45-54,B01,2026-08-08,5,False,สยาม
C00032,นภัส,ชาย,45-54,B05,2026-06-19,5,False,มหาวิทยาลัย
C00033,ชนา,ชาย,25-34,B01,2025-05-20,3,False,สยาม
C00034,สุดา,ชาย,18-24,B01,2025-11-09,2,False,สยาม
C00035,สุดา,หญิง,55+,B04,2026-05-27,6,False,บางนา
C00036,นภัส,ชาย,35-44,B05,2026-09-04,4,False,มหาวิทยาลัย
C00037,เกศ,ชาย,45-54,B05,2026-01-09,5,False,มหาวิทยาลัย
C00038,ปิยะ,หญิง,ต่ำกว่า 18,B05,2026-08-07,1,True,มหาวิทยาลัย
C00039,รัตนา,ชาย,35-44,B04,2026-01-07,4,False,บางนา
C00040,พิม,หญิง,35-44,B04,2025-06-20,4,False,บางนา
C00041,เกศ,ชาย,35-44,B05,2026-08-29,4,False,มหาวิทยาลัย
C00042,กิตติ,หญิง,55+,B05,2026-03-10,6,False,มหาวิทยาลัย
C00043,พิม,หญิง,45-54,B01,2026-04-15,5,False,สยาม
C00044,อัญชลี,ชาย,45-54,B04,2025-09-21,5,False,บางนา
C00045,อัญชลี,หญิง,25-34,B04,2025-11-21,3,False,บางนา
C00046,ภูมิ,หญิง,18-24,B05,2025-09-12,2,False,มหาวิทยาลัย
C00047,ภูมิ,ชาย,25-34,B01,2026-03-07,3,False,สยาม
C00048,จิรา,หญิง,ต่ำกว่า 18,B04,2025-09-06,1,True,บางนา
C00049,ศิริ,ชาย,25-34,B05,2026-05-30,3,False,มหาวิทยาลัย
C00050,รัตนา,หญิง,25-34,B01,2025-08-02,3,False,สยาม
C00051,ทิพย์,ชาย,ต่ำกว่า 18,B01,2025-06-23,1,True,สยาม
C00052,ทิพย์,หญิง,55+,B03,2026-06-17,6,False,อารีย์
C00053,วีระ,หญิง,25-34,B05,2025-09-16,3,False,มหาวิทยาลัย
C00054,ภูมิ,หญิง,45-54,B05,2025-10-13,5,False,มหาวิทยาลัย
C00055,ธนา,หญิง,25-34,B02,2026-05-20,3,False,สีลม
C00056,ทิพย์,ชาย,25-34,B05,2025-12-22,3,False,มหาวิทยาลัย
C00057,สุดา,ชาย,18-24,B05,2026-08-20,2,False,มหาวิทยาลัย
C00058,สุดา,หญิง,35-44,B02,2026-03-29,4,False,สีลม
C00059,จิรา,หญิง,18-24,B05,2025-12-30,2,False,มหาวิทยาลัย
C00060,ธีร,ชาย,45-54,B01,2025-08-20,5,False,สยาม
C00061,พิม,หญิง,45-54,B02,2025-12-23,5,False,สีลม
C00062,นภัส,หญิง,25-34,B04,2025-04-17,3,False,บางนา
C00063,วีระ,หญิง,35-44,B01,2026-09-10,4,False,สยาม
C00064,อัญชลี,หญิง,18-24,B02,2026-03-25,2,False,สีลม
C00065,มานพ,ชาย,25-34,B05,2025-05-04,3,False,มหาวิทยาลัย
C00066,กมล,ไม่ระบุ,35-44,B01,2025-10-20,4,False,สยาม
C00067,ธีร,หญิง,18-24,B04,2025-07-19,2,False,บางนา
C00068,ปิยะ,หญิง,25-34,B05,2025-04-12,3,False,มหาวิทยาลัย
C00069,ภัทร,ชาย,55+,B05,2026-07-12,6,False,มหาวิทยาลัย
C00070,มานพ,หญิง,25-34,B05,2025-08-05,3,False,มหาวิทยาลัย
C00071,นภัส,ชาย,18-24,B04,2026-08-20,2,False,บางนา
C00072,ปิยะ,หญิง,25-34,B05,2025-07-31,3,False,มหาวิทยาลัย
C00073,ชนา,ชาย,18-24,B01,2025-11-14,2,False,สยาม
C00074,ธีร,ชาย,ต่ำกว่า 18,B03,2026-07-18,1,True,อารีย์
C00075,วีระ,ชาย,55+,B05,2026-01-20,6,False,มหาวิทยาลัย
C00076,มานพ,ชาย,25-34,B05,2025-05-24,3,False,มหาวิทยาลัย
C00077,ปิยะ,หญิง,25-34,B03,2026-03-10,3,False,อารีย์
C00078,ปิยะ,ชาย,ต่ำกว่า 18,B04,2026-01-02,1,True,บางนา
C00079,ธนา,หญิง,25-34,B03,2025-11-26,3,False,อารีย์
C00080,วีระ,หญิง,18-24,B02,2026-06-16,2,False,สีลม
C00081,วรรณ,หญิง,18-24,B02,2025-05-19,2,False,สีลม
C00082,ศิริ,ชาย,25-34,B01,2026-05-16,3,False,สยาม
C00083,ณัฐ,หญิง,45-54,B02,2025-11-09,5,False,สีลม
C00084,ทิพย์,หญิง,18-24,B01,2025-10-20,2,False,สยาม
C00085,ปิยะ,หญิง,25-34,B01,2025-07-13,3,False,สยาม
C00086,สมชาย,ชาย,25-34,B01,2026-08-07,3,False,สยาม
C00087,กมล,หญิง,25-34,B02,2026-07-01,3,False,สีลม
C00088,ทิพย์,ชาย,45-54,B03,2026-07-08,5,False,อารีย์
C00089,ภัทร,ชาย,18-24,B03,2026-05-23,2,False,อารีย์
C00090,ธีร,ชาย,25-34,B01,2025-05-15,3,False,สยาม
C00091,มานพ,ชาย,45-54,B05,2026-06-17,5,False,มหาวิทยาลัย
C00092,ศิริ,หญิง,25-34,B04,2026-08-02,3,False,บางนา
C00093,มานพ,ชาย,25-34,B04,2025-09-14,3,False,บางนา
C00094,วรรณ,ชาย,18-24,B01,2026-07-25,2,False,สยาม
C00095,กมล,ชาย,25-34,B04,2026-07-25,3,False,บางนา
C00096,รัตนา,ชาย,25-34,B04,2026-06-10,3,False,บางนา
C00097,ทิพย์,หญิง,25-34,B02,2025-04-08,3,False,สีลม
C00098,จิรา,ชาย,25-34,B04,2026-04-29,3,False,บางนา
C00099,สมชาย,หญิง,18-24,B01,2026-07-08,2,False,สยาม
C00100,มานพ,ชาย,25-34,B03,2025-12-17,3,False,อารีย์
C00101,ทิพย์,ชาย,25-34,B02,2025-08-01,3,False,สีลม
C00102,อัญชลี,หญิง,55+,B03,2026-04-09,6,False,อารีย์
C00103,ชนา,ชาย,45-54,B03,2026-08-11,5,False,อารีย์
C00104,อัญชลี,หญิง,25-34,B02,2025-06-15,3,False,สีลม
C00105,นภัส,ชาย,45-54,B01,2025-11-13,5,False,สยาม
C00106,สมชาย,หญิง,25-34,B02,2025-08-12,3,False,สีลม
C00107,ภูมิ,ชาย,18-24,B04,2026-08-22,2,False,บางนา
C00108,อัญชลี,ชาย,25-34,B04,2026-03-03,3,False,บางนา
C00109,รัตนา,ชาย,25-34,B03,2026-02-15,3,False,อารีย์
C00110,ปิยะ,หญิง,18-24,B02,2026-05-18,2,False,สีลม
C00111,ทิพย์,ชาย,35-44,B05,2026-03-18,4,False,มหาวิทยาลัย
C00112,มานพ,หญิง,25-34,B01,2025-09-24,3,False,สยาม
C00113,นภัส,ชาย,55+,B04,2026-06-16,6,False,บางนา
C00114,ธีร,หญิง,35-44,B02,2025-06-21,4,False,สีลม
C00115,อรุณ,หญิง,55+,B01,2025-10-20,6,False,สยาม
C00116,ภูมิ,หญิง,25-34,B02,2026-09-02,3,False,สีลม
C00117,ชนา,หญิง,25-34,B04,2026-07-11,3,False,บางนา
C00118,ธนา,หญิง,55+,B05,2025-07-17,6,False,มหาวิทยาลัย
C00119,ณัฐ,หญิง,45-54,B05,2026-03-04,5,False,มหาวิทยาลัย
C00120,ศิริ,หญิง,18-24,B05,2025-04-28,2,False,มหาวิทยาลัย
C00121,รัตนา,ชาย,25-34,B05,2025-11-16,3,False,มหาวิทยาลัย
C00122,ภัทร,ชาย,35-44,B03,2026-01-08,4,False,อารีย์
C00123,จิรา,หญิง,25-34,B01,2025-11-22,3,False,สยาม
C00124,ปิยะ,หญิง,ต่ำกว่า 18,B01,2025-07-02,1,True,สยาม
C00125,มานพ,หญิง,55+,B05,2025-09-23,6,False,มหาวิทยาลัย
C00126,สุดา,หญิง,25-34,B02,2026-03-09,3,False,สีลม
C00127,อรุณ,ชาย,18-24,B05,2025-07-28,2,False,มหาวิทยาลัย
C00128,ชนา,ชาย,35-44,B02,2026-06-30,4,False,สีลม
C00129,ทิพย์,หญิง,35-44,B01,2025-07-10,4,False,สยาม
C00130,มานพ,หญิง,25-34,B02,2026-01-31,3,False,สีลม
C00131,จิรา,ชาย,35-44,B01,2025-09-15,4,False,สยาม
C00132,ปิยะ,ชาย,18-24,B01,2026-07-03,2,False,สยาม
C00133,มานพ,ชาย,35-44,B02,2025-06-08,4,False,สีลม
C00134,ธีร,ชาย,25-34,B05,2026-02-21,3,False,มหาวิทยาลัย
C00135,อัญชลี,หญิง,18-24,B05,2025-04-28,2,False,มหาวิทยาลัย
C00136,สมชาย,ชาย,ต่ำกว่า 18,B04,2025-05-28,1,True,บางนา
C00137,ณัฐ,ชาย,25-34,B04,2026-01-24,3,False,บางนา
C00138,ภูมิ,ชาย,18-24,B04,2025-10-15,2,False,บางนา
C00139,กิตติ,หญิง,25-34,B04,2025-04-06,3,False,บางนา
C00140,จิรา,ชาย,25-34,B02,2026-09-01,3,False,สีลม
C00141,กมล,ชาย,35-44,B05,2025-09-10,4,False,มหาวิทยาลัย
C00142,จิรา,หญิง,25-34,B05,2025-12-14,3,False,มหาวิทยาลัย
C00143,ทิพย์,หญิง,25-34,B05,2025-08-29,3,False,มหาวิทยาลัย
C00144,ทิพย์,หญิง,25-34,B02,2025-06-13,3,False,สีลม
C00145,ปิยะ,ไม่ระบุ,35-44,B02,2026-02-20,4,False,สีลม
C00146,ชนา,หญิง,25-34,B05,2025-05-16,3,False,มหาวิทยาลัย
C00147,จิรา,หญิง,25-34,B05,2026-03-05,3,False,มหาวิทยาลัย
C00148,ปวีณ,หญิง,25-34,B05,2026-02-26,3,False,มหาวิทยาลัย
C00149,ธีร,หญิง,18-24,B03,2026-07-23,2,False,อารีย์
C00150,เกศ,หญิง,45-54,B01,2026-07-05,5,False,สยาม
C00151,มานพ,ชาย,45-54,B03,2026-08-30,5,False,อารีย์
C00152,พิม,หญิง,18-24,B01,2026-03-25,2,False,สยาม
C00153,รัตนา,ชาย,35-44,B05,2025-08-10,4,False,มหาวิทยาลัย
C00154,ชนา,หญิง,18-24,B05,2026-07-26,2,False,มหาวิทยาลัย
C00155,มานพ,ชาย,25-34,B03,2026-05-03,3,False,อารีย์
C00156,สุดา,หญิง,55+,B04,2025-11-02,6,False,บางนา
C00157,กมล,ชาย,35-44,B01,2026-04-27,4,False,สยาม
C00158,อรุณ,หญิง,25-34,B01,2025-07-08,3,False,สยาม
C00159,เกศ,หญิง,25-34,B05,2025-04-21,3,False,มหาวิทยาลัย
C00160,ธีร,ชาย,55+,B05,2025-11-13,6,False,มหาวิทยาลัย
C00161,ศิริ,หญิง,25-34,B05,2026-02-11,3,False,มหาวิทยาลัย
C00162,จิรา,หญิง,25-34,B01,2026-02-06,3,False,สยาม
C00163,ธนา,หญิง,25-34,B01,2026-02-05,3,False,สยาม
C00164,พิม,ชาย,35-44,B04,2025-11-09,4,False,บางนา
C00165,ธนา,หญิง,18-24,B04,2025-07-27,2,False,บางนา
C00166,จิรา,หญิง,18-24,B02,2026-08-13,2,False,สีลม
C00167,วีระ,ไม่ระบุ,25-34,B02,2026-06-30,3,False,สีลม
C00168,อัญชลี,หญิง,18-24,B03,2026-03-07,2,False,อารีย์
C00169,พิม,หญิง,25-34,B01,2026-07-29,3,False,สยาม
C00170,ภัทร,หญิง,35-44,B02,2025-08-15,4,False,สีลม
C00171,อรุณ,หญิง,18-24,B03,2026-07-07,2,False,อารีย์
C00172,วรรณ,หญิง,18-24,B01,2025-07-26,2,False,สยาม
C00173,กมล,ชาย,35-44,B01,2026-08-04,4,False,สยาม
C00174,ภัทร,ชาย,25-34,B03,2026-07-26,3,False,อารีย์
C00175,ณัฐ,ชาย,25-34,B01,2025-10-18,3,False,สยาม
C00176,อัญชลี,หญิง,45-54,B02,2026-02-02,5,False,สีลม
C00177,ชนา,ชาย,25-34,B01,2026-02-28,3,False,สยาม
C00178,สมชาย,หญิง,18-24,B04,2026-02-09,2,False,บางนา
C00179,รัตนา,ชาย,18-24,B02,2025-12-06,2,False,สีลม
C00180,สุดา,หญิง,25-34,B01,2025-09-30,3,False,สยาม
C00181,ศิริ,ชาย,25-34,B05,2026-02-06,3,False,มหาวิทยาลัย
C00182,ธนา,ชาย,18-24,B01,2026-02-04,2,False,สยาม
C00183,กิตติ,ชาย,18-24,B05,2025-04-27,2,False,มหาวิทยาลัย
C00184,สมชาย,ไม่ระบุ,18-24,B02,2025-08-31,2,False,สีลม
C00185,วีระ,หญิง,45-54,B04,2026-02-12,5,False,บางนา
C00186,วีระ,ชาย,35-44,B05,2025-04-06,4,False,มหาวิทยาลัย
C00187,มานพ,ชาย,45-54,B02,2025-10-12,5,False,สีลม
C00188,ทิพย์,หญิง,35-44,B03,2026-07-16,4,False,อารีย์
C00189,เกศ,ชาย,35-44,B01,2026-05-13,4,False,สยาม
C00190,ศิริ,หญิง,55+,B05,2026-03-19,6,False,มหาวิทยาลัย
C00191,อัญชลี,หญิง,35-44,B01,2026-03-29,4,False,สยาม
C00192,วรรณ,หญิง,18-24,B05,2025-11-18,2,False,มหาวิทยาลัย
C00193,มานพ,หญิง,18-24,B03,2026-02-14,2,False,อารีย์
C00194,วีระ,ชาย,35-44,B05,2025-10-01,4,False,มหาวิทยาลัย
C00195,ศิริ,ชาย,55+,B04,2026-03-07,6,False,บางนา
C00196,ภัทร,หญิง,25-34,B04,2025-12-07,3,False,บางนา
C00197,ทิพย์,ชาย,25-34,B04,2026-05-05,3,False,บางนา
C00198,ปิยะ,หญิง,18-24,B01,2026-08-16,2,False,สยาม
C00199,ภูมิ,หญิง,25-34,B03,2026-07-08,3,False,อารีย์
C00200,พิม,หญิง,18-24,B01,2025-07-15,2,False,สยาม
C00201,ธีร,ชาย,18-24,B01,2026-04-09,2,False,สยาม
C00202,สมชาย,ชาย,35-44,B02,2026-04-29,4,False,สีลม
C00203,ปวีณ,หญิง,25-34,B02,2026-01-26,3,False,สีลม
C00204,ศิริ,ชาย,35-44,B05,2026-04-07,4,False,มหาวิทยาลัย
C00205,วีระ,ชาย,25-34,B01,2026-01-06,3,False,สยาม
C00206,ภูมิ,ชาย,45-54,B01,2026-04-24,5,False,สยาม
C00207,ปิยะ,หญิง,18-24,B05,2026-08-27,2,False,มหาวิทยาลัย
C00208,ธีร,หญิง,18-24,B03,2026-03-01,2,False,อารีย์
C00209,นภัส,ชาย,18-24,B01,2025-07-23,2,False,สยาม
C00210,ศิริ,ชาย,18-24,B01,2025-05-16,2,False,สยาม
C00211,ปิยะ,หญิง,35-44,B05,2025-12-22,4,False,มหาวิทยาลัย
C00212,อรุณ,หญิง,55+,B01,2026-04-20,6,False,สยาม
C00213,นภัส,หญิง,25-34,B02,2026-01-13,3,False,สีลม
C00214,ธนา,หญิง,18-24,B05,2026-03-26,2,False,มหาวิทยาลัย
C00215,กมล,หญิง,ต่ำกว่า 18,B05,2026-07-29,1,True,มหาวิทยาลัย
C00216,นภัส,หญิง,35-44,B05,2026-08-14,4,False,มหาวิทยาลัย
C00217,พิม,หญิง,18-24,B01,2025-11-11,2,False,สยาม
C00218,ณัฐ,ชาย,35-44,B01,2026-06-26,4,False,สยาม
C00219,สุดา,ชาย,18-24,B05,2026-05-05,2,False,มหาวิทยาลัย
C00220,รัตนา,หญิง,35-44,B05,2026-04-03,4,False,มหาวิทยาลัย
C00221,สุดา,หญิง,25-34,B02,2026-07-22,3,False,สีลม
C00222,ธนา,หญิง,25-34,B01,2025-10-31,3,False,สยาม
C00223,ธนา,ชาย,18-24,B01,2025-11-28,2,False,สยาม
C00224,ปิยะ,หญิง,25-34,B04,2026-03-17,3,False,บางนา
C00225,มานพ,หญิง,35-44,B02,2026-07-14,4,False,สีลม
C00226,กิตติ,หญิง,ต่ำกว่า 18,B05,2025-12-11,1,True,มหาวิทยาลัย
C00227,สมชาย,ชาย,18-24,B02,2026-06-09,2,False,สีลม
C00228,ภูมิ,ไม่ระบุ,35-44,B03,2026-04-03,4,False,อารีย์
C00229,จิรา,หญิง,18-24,B03,2025-12-25,2,False,อารีย์
C00230,กิตติ,ชาย,35-44,B02,2025-11-18,4,False,สีลม
C00231,กมล,หญิง,25-34,B02,2026-07-27,3,False,สีลม
C00232,มานพ,หญิง,35-44,B03,2026-05-20,4,False,อารีย์
C00233,จิรา,ชาย,45-54,B05,2025-06-24,5,False,มหาวิทยาลัย
C00234,วีระ,ชาย,18-24,B05,2025-10-25,2,False,มหาวิทยาลัย
C00235,ภัทร,หญิง,45-54,B02,2026-01-12,5,False,สีลม
C00236,ปวีณ,หญิง,45-54,B04,2025-05-15,5,False,บางนา
C00237,ศิริ,หญิง,25-34,B05,2026-06-06,3,False,มหาวิทยาลัย
C00238,วีระ,ชาย,18-24,B01,2025-12-04,2,False,สยาม
C00239,ปิยะ,หญิง,35-44,B03,2026-08-30,4,False,อารีย์
C00240,อรุณ,หญิง,25-34,B05,2025-08-26,3,False,มหาวิทยาลัย
C00241,ธีร,ชาย,25-34,B04,2025-04-05,3,False,บางนา
C00242,ภัทร,ชาย,18-24,B04,2025-11-12,2,False,บางนา
C00243,กิตติ,ไม่ระบุ,25-34,B03,2026-09-12,3,False,อารีย์
C00244,จิรา,หญิง,18-24,B02,2025-10-24,2,False,สีลม
C00245,ภัทร,หญิง,25-34,B01,2025-08-12,3,False,สยาม
C00246,วรรณ,หญิง,18-24,B04,2026-05-14,2,False,บางนา
C00247,สมชาย,หญิง,35-44,B03,2026-07-28,4,False,อารีย์
C00248,ทิพย์,หญิง,25-34,B04,2026-09-05,3,False,บางนา
C00249,พิม,หญิง,18-24,B01,2025-09-21,2,False,สยาม
C00250,อัญชลี,หญิง,25-34,B05,2025-07-15,3,False,มหาวิทยาลัย
C00251,นภัส,ไม่ระบุ,18-24,B01,2025-08-16,2,False,สยาม
C00252,ณัฐ,หญิง,18-24,B01,2025-08-20,2,False,สยาม
C00253,อรุณ,หญิง,25-34,B03,2026-01-28,3,False,อารีย์
C00254,รัตนา,ชาย,18-24,B04,2025-05-09,2,False,บางนา
C00255,ปวีณ,ชาย,25-34,B03,2026-01-04,3,False,อารีย์
C00256,ณัฐ,ชาย,25-34,B01,2026-06-08,3,False,สยาม
C00257,รัตนา,หญิง,25-34,B02,2025-07-08,3,False,สีลม
C00258,อัญชลี,ชาย,25-34,B05,2025-11-04,3,False,มหาวิทยาลัย
C00259,ณัฐ,ไม่ระบุ,45-54,B01,2026-06-24,5,False,สยาม
C00260,จิรา,หญิง,55+,B01,2025-05-07,6,False,สยาม
C00261,รัตนา,ไม่ระบุ,18-24,B02,2025-12-15,2,False,สีลม
C00262,อรุณ,หญิง,25-34,B01,2026-07-15,3,False,สยาม
C00263,มานพ,หญิง,ต่ำกว่า 18,B04,2026-01-03,1,True,บางนา
C00264,ทิพย์,ชาย,25-34,B03,2026-04-06,3,False,อารีย์
C00265,สมชาย,ชาย,25-34,B03,2026-01-08,3,False,อารีย์
C00266,ธนา,หญิง,ต่ำกว่า 18,B03,2026-08-21,1,True,อารีย์
C00267,ศิริ,หญิง,45-54,B03,2026-04-26,5,False,อารีย์
C00268,รัตนา,หญิง,25-34,B04,2025-07-15,3,False,บางนา
C00269,ปิยะ,ชาย,25-34,B01,2026-04-24,3,False,สยาม
C00270,อรุณ,หญิง,35-44,B04,2025-12-04,4,False,บางนา
C00271,ปิยะ,หญิง,25-34,B05,2025-05-29,3,False,มหาวิทยาลัย
C00272,ศิริ,ชาย,45-54,B01,2025-07-26,5,False,สยาม
C00273,ปวีณ,ไม่ระบุ,18-24,B01,2025-11-21,2,False,สยาม
C00274,สมชาย,ชาย,ต่ำกว่า 18,B01,2026-02-04,1,True,สยาม
C00275,ปวีณ,หญิง,18-24,B01,2026-06-19,2,False,สยาม
C00276,นภัส,ชาย,25-34,B01,2026-08-14,3,False,สยาม
C00277,ชนา,หญิง,25-34,B02,2026-03-03,3,False,สีลม
C00278,ธีร,หญิง,18-24,B02,2026-04-26,2,False,สีลม
C00279,อัญชลี,หญิง,18-24,B01,2026-08-09,2,False,สยาม
C00280,ธีร,หญิง,25-34,B05,2025-10-07,3,False,มหาวิทยาลัย
C00281,พิม,ชาย,45-54,B02,2025-08-09,5,False,สีลม
C00282,นภัส,หญิง,18-24,B04,2026-01-17,2,False,บางนา
C00283,ภูมิ,หญิง,25-34,B02,2025-08-25,3,False,สีลม
C00284,ปวีณ,ชาย,45-54,B02,2025-07-01,5,False,สีลม
C00285,สุดา,ชาย,35-44,B01,2026-02-04,4,False,สยาม
C00286,ปวีณ,ชาย,25-34,B02,2025-12-03,3,False,สีลม
C00287,ชนา,ชาย,35-44,B02,2026-09-08,4,False,สีลม
C00288,จิรา,ไม่ระบุ,25-34,B02,2026-01-26,3,False,สีลม
C00289,มานพ,หญิง,35-44,B03,2026-02-26,4,False,อารีย์
C00290,ธีร,ชาย,18-24,B01,2026-08-13,2,False,สยาม
C00291,ภูมิ,หญิง,18-24,B04,2025-08-28,2,False,บางนา
C00292,จิรา,หญิง,25-34,B01,2026-05-12,3,False,สยาม
C00293,ปวีณ,ชาย,35-44,B03,2026-02-19,4,False,อารีย์
C00294,กิตติ,หญิง,45-54,B02,2026-05-27,5,False,สีลม
C00295,ปิยะ,ชาย,25-34,B02,2025-11-13,3,False,สีลม
C00296,มานพ,หญิง,25-34,B01,2025-12-14,3,False,สยาม
C00297,จิรา,หญิง,55+,B04,2025-06-22,6,False,บางนา
C00298,กมล,หญิง,45-54,B01,2025-11-19,5,False,สยาม
C00299,ปิยะ,หญิง,25-34,B04,2026-07-02,3,False,บางนา
C00300,ปิยะ,ชาย,25-34,B02,2025-09-25,3,False,สีลม
C00301,ชนา,ชาย,18-24,B01,2025-06-03,2,False,สยาม
C00302,กมล,หญิง,25-34,B01,2025-04-28,3,False,สยาม
C00303,อรุณ,หญิง,18-24,B02,2026-03-17,2,False,สีลม
C00304,วรรณ,หญิง,18-24,B04,2025-09-02,2,False,บางนา
C00305,ธนา,หญิง,25-34,B02,2025-06-15,3,False,สีลม
C00306,พิม,หญิง,25-34,B02,2025-07-17,3,False,สีลม
C00307,จิรา,ชาย,18-24,B04,2026-04-28,2,False,บางนา
C00308,รัตนา,หญิง,25-34,B01,2026-01-05,3,False,สยาม
C00309,กิตติ,หญิง,25-34,B05,2025-04-24,3,False,มหาวิทยาลัย
C00310,ธีร,หญิง,55+,B01,2026-03-23,6,False,สยาม
C00311,อัญชลี,หญิง,18-24,B04,2025-07-29,2,False,บางนา
C00312,สมชาย,ชาย,18-24,B04,2026-06-05,2,False,บางนา
C00313,ปวีณ,หญิง,45-54,B02,2026-06-17,5,False,สีลม
C00314,ธนา,ชาย,25-34,B04,2025-12-10,3,False,บางนา
C00315,สุดา,ชาย,18-24,B03,2026-07-28,2,False,อารีย์
C00316,ปวีณ,หญิง,35-44,B05,2026-08-19,4,False,มหาวิทยาลัย
C00317,สุดา,หญิง,45-54,B02,2026-02-23,5,False,สีลม
C00318,อัญชลี,หญิง,18-24,B03,2026-03-23,2,False,อารีย์
C00319,สมชาย,หญิง,45-54,B04,2026-05-14,5,False,บางนา
C00320,วีระ,หญิง,25-34,B01,2026-04-12,3,False,สยาม
C00321,อัญชลี,ชาย,35-44,B01,2025-12-22,4,False,สยาม
C00322,อรุณ,ชาย,45-54,B01,2025-05-18,5,False,สยาม
C00323,กมล,หญิง,18-24,B04,2026-08-07,2,False,บางนา
C00324,ภัทร,ชาย,25-34,B05,2025-07-24,3,False,มหาวิทยาลัย
C00325,ทิพย์,หญิง,25-34,B02,2025-06-10,3,False,สีลม
C00326,ชนา,ชาย,25-34,B04,2026-01-26,3,False,บางนา
C00327,อัญชลี,หญิง,18-24,B01,2026-06-27,2,False,สยาม
C00328,วีระ,หญิง,18-24,B03,2026-01-01,2,False,อารีย์
C00329,เกศ,ชาย,18-24,B05,2026-04-22,2,False,มหาวิทยาลัย
C00330,อรุณ,ชาย,18-24,B04,2026-05-21,2,False,บางนา
C00331,วีระ,หญิง,35-44,B05,2026-08-18,4,False,มหาวิทยาลัย
C00332,ภูมิ,ชาย,25-34,B01,2025-11-16,3,False,สยาม
C00333,วีระ,หญิง,18-24,B02,2025-05-15,2,False,สีลม
C00334,ชนา,ชาย,18-24,B05,2025-06-11,2,False,มหาวิทยาลัย
C00335,สมชาย,ชาย,25-34,B02,2026-03-08,3,False,สีลม
C00336,อัญชลี,หญิง,35-44,B05,2026-05-15,4,False,มหาวิทยาลัย
C00337,ศิริ,ชาย,18-24,B01,2025-12-01,2,False,สยาม
C00338,กมล,หญิง,25-34,B03,2026-07-19,3,False,อารีย์
C00339,ชนา,ไม่ระบุ,25-34,B03,2025-11-06,3,False,อารีย์
C00340,กมล,ชาย,35-44,B02,2025-05-10,4,False,สีลม
C00341,ธีร,ชาย,18-24,B04,2026-03-31,2,False,บางนา
C00342,ปวีณ,ชาย,25-34,B01,2025-08-26,3,False,สยาม
C00343,กมล,หญิง,25-34,B01,2026-02-09,3,False,สยาม
C00344,สมชาย,ชาย,25-34,B04,2026-04-15,3,False,บางนา
C00345,ณัฐ,ชาย,35-44,B01,2025-12-24,4,False,สยาม
C00346,สุดา,หญิง,25-34,B02,2026-06-01,3,False,สีลม
C00347,เกศ,หญิง,25-34,B04,2026-01-23,3,False,บางนา
C00348,ปวีณ,หญิง,25-34,B05,2025-06-15,3,False,มหาวิทยาลัย
C00349,รัตนา,หญิง,45-54,B04,2026-04-10,5,False,บางนา
C00350,รัตนา,ชาย,18-24,B02,2026-08-14,2,False,สีลม
C00351,กมล,หญิง,35-44,B05,2026-03-30,4,False,มหาวิทยาลัย
C00352,ปิยะ,ชาย,25-34,B02,2026-08-02,3,False,สีลม
C00353,กิตติ,หญิง,25-34,B05,2025-07-09,3,False,มหาวิทยาลัย
C00354,ชนา,หญิง,35-44,B02,2025-08-11,4,False,สีลม
C00355,วีระ,หญิง,45-54,B02,2025-06-01,5,False,สีลม
C00356,พิม,ชาย,25-34,B03,2026-06-09,3,False,อารีย์
C00357,ภูมิ,หญิง,45-54,B05,2025-11-12,5,False,มหาวิทยาลัย
C00358,กิตติ,หญิง,18-24,B04,2026-05-23,2,False,บางนา
C00359,ปวีณ,หญิง,18-24,B01,2026-07-25,2,False,สยาม
C00360,ชนา,หญิง,25-34,B01,2025-07-08,3,False,สยาม
C00361,ชนา,ชาย,25-34,B04,2026-02-24,3,False,บางนา
C00362,พิม,หญิง,18-24,B01,2026-04-19,2,False,สยาม
C00363,ธนา,ชาย,45-54,B01,2026-07-20,5,False,สยาม
C00364,ธีร,ชาย,45-54,B02,2026-08-10,5,False,สีลม
C00365,ชนา,ชาย,25-34,B05,2025-07-19,3,False,มหาวิทยาลัย
C00366,ธีร,หญิง,25-34,B02,2026-02-03,3,False,สีลม
C00367,ธนา,ชาย,18-24,B02,2025-04-11,2,False,สีลม
C00368,ณัฐ,หญิง,45-54,B04,2026-04-19,5,False,บางนา
C00369,กมล,ไม่ระบุ,55+,B05,2025-07-30,6,False,มหาวิทยาลัย
C00370,วรรณ,หญิง,35-44,B05,2025-09-06,4,False,มหาวิทยาลัย
C00371,ธนา,หญิง,25-34,B04,2025-12-19,3,False,บางนา
C00372,ภูมิ,หญิง,18-24,B05,2026-04-28,2,False,มหาวิทยาลัย
C00373,กมล,ชาย,25-34,B01,2025-12-16,3,False,สยาม
C00374,กมล,หญิง,18-24,B02,2025-04-09,2,False,สีลม
C00375,สมชาย,ไม่ระบุ,45-54,B03,2025-12-08,5,False,อารีย์
C00376,อัญชลี,หญิง,18-24,B01,2025-06-10,2,False,สยาม
C00377,วีระ,ชาย,ต่ำกว่า 18,B03,2026-08-31,1,True,อารีย์
C00378,สุดา,หญิง,ต่ำกว่า 18,B05,2025-07-22,1,True,มหาวิทยาลัย
C00379,กิตติ,หญิง,25-34,B03,2026-08-03,3,False,อารีย์
C00380,จิรา,ชาย,25-34,B01,2025-11-28,3,False,สยาม
C00381,ภัทร,หญิง,25-34,B04,2025-10-16,3,False,บางนา
C00382,รัตนา,หญิง,25-34,B03,2026-05-31,3,False,อารีย์
C00383,รัตนา,หญิง,18-24,B03,2026-03-16,2,False,อารีย์
C00384,ทิพย์,หญิง,25-34,B04,2025-05-26,3,False,บางนา
C00385,ภัทร,หญิง,18-24,B01,2026-03-25,2,False,สยาม
C00386,ณัฐ,หญิง,45-54,B01,2025-12-10,5,False,สยาม
C00387,นภัส,หญิง,45-54,B04,2026-08-26,5,False,บางนา
C00388,กิตติ,ชาย,25-34,B02,2026-03-06,3,False,สีลม
C00389,ภัทร,ชาย,35-44,B03,2026-05-25,4,False,อารีย์
C00390,อรุณ,หญิง,18-24,B05,2025-12-04,2,False,มหาวิทยาลัย
C00391,ภัทร,ชาย,18-24,B01,2025-09-20,2,False,สยาม
C00392,จิรา,หญิง,18-24,B05,2026-03-01,2,False,มหาวิทยาลัย
C00393,ธีร,ชาย,25-34,B04,2025-11-07,3,False,บางนา
C00394,สมชาย,หญิง,18-24,B05,2026-05-31,2,False,มหาวิทยาลัย
C00395,กมล,ชาย,45-54,B01,2025-10-21,5,False,สยาม
C00396,สมชาย,ชาย,35-44,B01,2025-06-12,4,False,สยาม
C00397,สุดา,หญิง,55+,B02,2025-09-20,6,False,สีลม
C00398,ปิยะ,ชาย,55+,B05,2026-07-11,6,False,มหาวิทยาลัย
C00399,สมชาย,ชาย,25-34,B01,2026-08-08,3,False,สยาม
C00400,ชนา,ชาย,35-44,B01,2026-06-15,4,False,สยาม
C00401,นภัส,หญิง,35-44,B01,2025-11-29,4,False,สยาม
C00402,ภูมิ,หญิง,18-24,B02,2025-07-20,2,False,สีลม
C00403,สุดา,หญิง,25-34,B01,2026-04-28,3,False,สยาม
C00404,ณัฐ,หญิง,18-24,B04,2025-12-15,2,False,บางนา
C00405,เกศ,หญิง,18-24,B03,2026-03-17,2,False,อารีย์
C00406,ทิพย์,ชาย,35-44,B02,2026-02-01,4,False,สีลม
C00407,ธีร,หญิง,25-34,B01,2025-12-25,3,False,สยาม
C00408,ธนา,ชาย,25-34,B01,2026-03-09,3,False,สยาม
C00409,ภูมิ,หญิง,25-34,B02,2025-09-04,3,False,สีลม
C00410,ทิพย์,ชาย,18-24,B01,2025-11-22,2,False,สยาม
C00411,กิตติ,หญิง,25-34,B02,2025-06-12,3,False,สีลม
C00412,ภูมิ,ชาย,25-34,B03,2026-01-26,3,False,อารีย์
C00413,เกศ,ชาย,18-24,B03,2026-02-06,2,False,อารีย์
C00414,กมล,ชาย,45-54,B04,2026-08-23,5,False,บางนา
C00415,ภูมิ,หญิง,45-54,B03,2026-02-12,5,False,อารีย์
C00416,ธีร,หญิง,25-34,B04,2025-09-07,3,False,บางนา
C00417,กิตติ,ชาย,18-24,B04,2026-08-07,2,False,บางนา
C00418,วีระ,ชาย,18-24,B01,2025-08-21,2,False,สยาม
C00419,ธนา,หญิง,25-34,B01,2026-05-13,3,False,สยาม
C00420,อัญชลี,ชาย,35-44,B03,2026-04-11,4,False,อารีย์
C00421,กิตติ,หญิง,18-24,B01,2025-12-10,2,False,สยาม
C00422,อรุณ,หญิง,55+,B01,2026-03-04,6,False,สยาม
C00423,อัญชลี,ชาย,25-34,B01,2026-01-25,3,False,สยาม
C00424,ณัฐ,ชาย,45-54,B04,2026-05-14,5,False,บางนา
C00425,เกศ,หญิง,45-54,B02,2026-09-09,5,False,สีลม
C00426,กมล,หญิง,35-44,B01,2026-04-20,4,False,สยาม
C00427,ปวีณ,หญิง,18-24,B03,2025-12-20,2,False,อารีย์
C00428,ภัทร,หญิง,35-44,B02,2025-10-23,4,False,สีลม
C00429,กมล,ชาย,25-34,B02,2025-12-20,3,False,สีลม
C00430,กมล,ชาย,25-34,B04,2025-07-22,3,False,บางนา
C00431,ณัฐ,ชาย,25-34,B03,2026-05-09,3,False,อารีย์
C00432,ศิริ,หญิง,ต่ำกว่า 18,B01,2025-06-16,1,True,สยาม
C00433,ปิยะ,หญิง,25-34,B02,2025-06-12,3,False,สีลม
C00434,สุดา,ชาย,18-24,B02,2026-01-20,2,False,สีลม
C00435,ภัทร,หญิง,45-54,B05,2025-08-08,5,False,มหาวิทยาลัย
C00436,รัตนา,หญิง,18-24,B01,2025-05-04,2,False,สยาม
C00437,รัตนา,ชาย,ต่ำกว่า 18,B03,2026-02-13,1,True,อารีย์
C00438,ภูมิ,หญิง,25-34,B01,2026-06-30,3,False,สยาม
C00439,ธนา,หญิง,35-44,B05,2025-08-08,4,False,มหาวิทยาลัย
C00440,ธีร,หญิง,55+,B01,2026-06-25,6,False,สยาม
C00441,วีระ,ชาย,25-34,B05,2025-12-18,3,False,มหาวิทยาลัย
C00442,ศิริ,หญิง,25-34,B04,2026-07-25,3,False,บางนา
C00443,สุดา,ชาย,18-24,B05,2025-06-14,2,False,มหาวิทยาลัย
C00444,ธีร,หญิง,55+,B02,2026-04-14,6,False,สีลม
C00445,นภัส,หญิง,18-24,B02,2026-08-18,2,False,สีลม
C00446,นภัส,หญิง,ต่ำกว่า 18,B05,2025-12-05,1,True,มหาวิทยาลัย
C00447,วรรณ,ชาย,ต่ำกว่า 18,B02,2025-04-18,1,True,สีลม
C00448,ธีร,หญิง,35-44,B01,2026-01-25,4,False,สยาม
C00449,สมชาย,ชาย,18-24,B04,2026-03-03,2,False,บางนา
C00450,วรรณ,ชาย,45-54,B02,2025-07-23,5,False,สีลม
C00451,ศิริ,ไม่ระบุ,35-44,B02,2026-06-20,4,False,สีลม
C00452,ปวีณ,หญิง,35-44,B03,2026-02-04,4,False,อารีย์
C00453,อัญชลี,หญิง,18-24,B02,2026-01-15,2,False,สีลม
C00454,ธนา,ชาย,35-44,B04,2025-09-26,4,False,บางนา
C00455,สมชาย,หญิง,55+,B05,2025-08-25,6,False,มหาวิทยาลัย
C00456,ทิพย์,หญิง,45-54,B05,2026-01-01,5,False,มหาวิทยาลัย
C00457,อัญชลี,ชาย,18-24,B02,2025-04-18,2,False,สีลม
C00458,สมชาย,ชาย,18-24,B04,2026-06-09,2,False,บางนา
C00459,อัญชลี,หญิง,25-34,B02,2026-04-18,3,False,สีลม
C00460,นภัส,หญิง,18-24,B03,2026-08-26,2,False,อารีย์
C00461,ชนา,ชาย,ต่ำกว่า 18,B01,2025-08-22,1,True,สยาม
C00462,ศิริ,ชาย,18-24,B05,2026-05-10,2,False,มหาวิทยาลัย
C00463,วรรณ,ชาย,25-34,B02,2026-04-20,3,False,สีลม
C00464,ธนา,หญิง,35-44,B02,2026-05-14,4,False,สีลม
C00465,ธนา,หญิง,18-24,B05,2025-06-03,2,False,มหาวิทยาลัย
C00466,ชนา,หญิง,18-24,B03,2026-08-14,2,False,อารีย์
C00467,อัญชลี,หญิง,18-24,B04,2026-05-31,2,False,บางนา
C00468,มานพ,ชาย,35-44,B05,2025-10-01,4,False,มหาวิทยาลัย
C00469,ธีร,หญิง,18-24,B01,2025-11-14,2,False,สยาม
C00470,ชนา,หญิง,18-24,B03,2026-04-19,2,False,อารีย์
C00471,กิตติ,หญิง,45-54,B05,2025-12-01,5,False,มหาวิทยาลัย
C00472,ศิริ,ชาย,35-44,B01,2026-08-04,4,False,สยาม
C00473,รัตนา,หญิง,18-24,B03,2026-05-15,2,False,อารีย์
C00474,วีระ,ชาย,18-24,B01,2026-07-01,2,False,สยาม
C00475,พิม,หญิง,55+,B03,2026-07-14,6,False,อารีย์
C00476,ปวีณ,ชาย,18-24,B02,2025-10-20,2,False,สีลม
C00477,อัญชลี,ชาย,35-44,B01,2025-12-13,4,False,สยาม
C00478,ณัฐ,ชาย,25-34,B02,2026-06-08,3,False,สีลม
C00479,รัตนา,หญิง,35-44,B03,2026-08-02,4,False,อารีย์
C00480,ปิยะ,ชาย,25-34,B02,2025-09-21,3,False,สีลม
C00481,ชนา,หญิง,25-34,B01,2026-06-12,3,False,สยาม
C00482,กิตติ,หญิง,18-24,B01,2025-11-28,2,False,สยาม
C00483,รัตนา,หญิง,35-44,B01,2025-10-03,4,False,สยาม
C00484,ปิยะ,หญิง,55+,B04,2026-09-06,6,False,บางนา
C00485,เกศ,หญิง,25-34,B05,2025-05-29,3,False,มหาวิทยาลัย
C00486,กิตติ,ชาย,25-34,B04,2026-08-04,3,False,บางนา
C00487,ณัฐ,หญิง,35-44,B05,2026-04-14,4,False,มหาวิทยาลัย
C00488,สมชาย,หญิง,35-44,B01,2026-09-09,4,False,สยาม
C00489,ธนา,ชาย,35-44,B04,2025-11-25,4,False,บางนา
C00490,รัตนา,หญิง,18-24,B05,2026-02-23,2,False,มหาวิทยาลัย
C00491,วรรณ,ชาย,45-54,B05,2025-04-10,5,False,มหาวิทยาลัย
C00492,มานพ,หญิง,45-54,B01,2025-07-15,5,False,สยาม
C00493,ณัฐ,ชาย,35-44,B01,2025-09-05,4,False,สยาม
C00494,วรรณ,ชาย,ต่ำกว่า 18,B02,2025-11-08,1,True,สีลม
C00495,สมชาย,ชาย,25-34,B01,2026-08-12,3,False,สยาม
C00496,ปิยะ,ชาย,25-34,B05,2026-07-01,3,False,มหาวิทยาลัย
C00497,ศิริ,ชาย,45-54,B01,2026-05-07,5,False,สยาม
C00498,เกศ,หญิง,25-34,B03,2026-01-12,3,False,อารีย์
C00499,นภัส,หญิง,25-34,B05,2026-07-12,3,False,มหาวิทยาลัย
C00500,ทิพย์,หญิง,25-34,B05,2025-06-30,3,False,มหาวิทยาลัย
C00501,สุดา,ชาย,18-24,B03,2025-12-24,2,False,อารีย์
C00502,วรรณ,หญิง,55+,B02,2026-03-29,6,False,สีลม
C00503,อัญชลี,ชาย,35-44,B03,2025-11-15,4,False,อารีย์
C00504,ชนา,หญิง,35-44,B01,2025-08-10,4,False,สยาม
C00505,กิตติ,หญิง,25-34,B01,2026-04-21,3,False,สยาม
C00506,อรุณ,หญิง,18-24,B04,2025-04-15,2,False,บางนา
C00507,สุดา,หญิง,35-44,B01,2026-07-28,4,False,สยาม
C00508,สุดา,หญิง,18-24,B01,2025-05-31,2,False,สยาม
C00509,จิรา,หญิง,18-24,B05,2025-06-02,2,False,มหาวิทยาลัย
C00510,รัตนา,ชาย,25-34,B01,2026-08-27,3,False,สยาม
C00511,จิรา,หญิง,25-34,B04,2025-07-28,3,False,บางนา
C00512,อัญชลี,หญิง,25-34,B01,2025-10-14,3,False,สยาม
C00513,มานพ,ไม่ระบุ,45-54,B03,2026-05-30,5,False,อารีย์
C00514,สมชาย,หญิง,25-34,B01,2025-09-24,3,False,สยาม
C00515,วีระ,หญิง,35-44,B03,2026-02-19,4,False,อารีย์
C00516,ภูมิ,ไม่ระบุ,25-34,B03,2026-05-08,3,False,อารีย์
C00517,อรุณ,หญิง,35-44,B05,2026-04-04,4,False,มหาวิทยาลัย
C00518,ปวีณ,ชาย,25-34,B01,2026-02-22,3,False,สยาม
C00519,รัตนา,หญิง,25-34,B04,2026-01-15,3,False,บางนา
C00520,ธีร,หญิง,25-34,B04,2026-09-13,3,False,บางนา
C00521,ศิริ,ชาย,25-34,B04,2025-12-01,3,False,บางนา
C00522,มานพ,ชาย,25-34,B05,2025-09-17,3,False,มหาวิทยาลัย
C00523,ธนา,ชาย,35-44,B04,2026-07-24,4,False,บางนา
C00524,สุดา,ชาย,18-24,B03,2026-05-11,2,False,อารีย์
C00525,ปิยะ,หญิง,25-34,B01,2025-04-09,3,False,สยาม
C00526,ทิพย์,ชาย,35-44,B03,2026-02-05,4,False,อารีย์
C00527,ธีร,ชาย,25-34,B05,2025-07-30,3,False,มหาวิทยาลัย
C00528,ณัฐ,ไม่ระบุ,25-34,B05,2026-09-09,3,False,มหาวิทยาลัย
C00529,รัตนา,หญิง,55+,B02,2025-11-25,6,False,สีลม
C00530,ปวีณ,ชาย,25-34,B04,2026-01-22,3,False,บางนา
C00531,พิม,ชาย,45-54,B05,2026-08-01,5,False,มหาวิทยาลัย
C00532,ภูมิ,ชาย,ต่ำกว่า 18,B05,2025-09-05,1,True,มหาวิทยาลัย
C00533,สุดา,หญิง,35-44,B01,2025-05-16,4,False,สยาม
C00534,อัญชลี,ไม่ระบุ,35-44,B01,2026-09-10,4,False,สยาม
C00535,เกศ,ชาย,25-34,B04,2026-03-26,3,False,บางนา
C00536,ชนา,หญิง,18-24,B05,2026-04-04,2,False,มหาวิทยาลัย
C00537,ศิริ,หญิง,18-24,B01,2026-09-07,2,False,สยาม
C00538,ทิพย์,หญิง,25-34,B03,2026-05-23,3,False,อารีย์
C00539,เกศ,ชาย,ต่ำกว่า 18,B05,2025-04-01,1,True,มหาวิทยาลัย
C00540,กมล,ชาย,25-34,B03,2026-04-26,3,False,อารีย์
C00541,ธนา,ชาย,25-34,B01,2025-05-29,3,False,สยาม
C00542,อัญชลี,ชาย,55+,B02,2026-06-13,6,False,สีลม
C00543,อรุณ,ชาย,55+,B01,2026-08-26,6,False,สยาม
C00544,ทิพย์,หญิง,25-34,B05,2026-08-21,3,False,มหาวิทยาลัย
C00545,วีระ,ชาย,45-54,B02,2026-08-08,5,False,สีลม
C00546,ภูมิ,หญิง,25-34,B04,2026-03-08,3,False,บางนา
C00547,วีระ,หญิง,25-34,B01,2026-03-15,3,False,สยาม
C00548,ณัฐ,หญิง,25-34,B04,2026-09-11,3,False,บางนา
C00549,นภัส,หญิง,35-44,B02,2026-03-22,4,False,สีลม
C00550,นภัส,ชาย,18-24,B04,2026-08-24,2,False,บางนา
C00551,อัญชลี,ชาย,18-24,B02,2026-04-12,2,False,สีลม
C00552,ปิยะ,หญิง,35-44,B05,2025-06-29,4,False,มหาวิทยาลัย
C00553,รัตนา,หญิง,35-44,B04,2026-05-01,4,False,บางนา
C00554,สมชาย,ชาย,18-24,B01,2026-05-12,2,False,สยาม
C00555,ปวีณ,ชาย,55+,B04,2026-06-11,6,False,บางนา
C00556,ปิยะ,ชาย,35-44,B02,2026-07-26,4,False,สีลม
C00557,กมล,ชาย,18-24,B01,2026-08-25,2,False,สยาม
C00558,พิม,หญิง,35-44,B03,2025-12-07,4,False,อารีย์
C00559,ศิริ,หญิง,18-24,B02,2026-01-19,2,False,สีลม
C00560,เกศ,หญิง,35-44,B02,2025-07-12,4,False,สีลม
C00561,นภัส,ชาย,18-24,B01,2025-12-05,2,False,สยาม
C00562,กิตติ,หญิง,18-24,B05,2025-06-30,2,False,มหาวิทยาลัย
C00563,อัญชลี,หญิง,25-34,B01,2025-08-06,3,False,สยาม
C00564,ชนา,ชาย,25-34,B01,2026-01-08,3,False,สยาม
C00565,ภูมิ,หญิง,25-34,B03,2026-07-24,3,False,อารีย์
C00566,ณัฐ,หญิง,25-34,B01,2025-05-14,3,False,สยาม
C00567,เกศ,ไม่ระบุ,35-44,B04,2026-06-08,4,False,บางนา
C00568,วีระ,ชาย,25-34,B02,2025-07-08,3,False,สีลม
C00569,สมชาย,ชาย,25-34,B02,2025-04-12,3,False,สีลม
C00570,อรุณ,ชาย,35-44,B01,2025-08-19,4,False,สยาม
C00571,ปวีณ,ชาย,35-44,B05,2025-08-09,4,False,มหาวิทยาลัย
C00572,ภูมิ,ชาย,55+,B05,2026-05-04,6,False,มหาวิทยาลัย
C00573,ภูมิ,ชาย,18-24,B01,2026-08-14,2,False,สยาม
C00574,อัญชลี,ชาย,55+,B05,2025-07-23,6,False,มหาวิทยาลัย
C00575,ภูมิ,หญิง,18-24,B05,2026-06-16,2,False,มหาวิทยาลัย
C00576,สุดา,หญิง,18-24,B01,2026-08-06,2,False,สยาม
C00577,ศิริ,หญิง,35-44,B05,2026-04-17,4,False,มหาวิทยาลัย
C00578,นภัส,หญิง,18-24,B04,2025-05-27,2,False,บางนา
C00579,อรุณ,หญิง,35-44,B02,2026-06-13,4,False,สีลม
C00580,เกศ,ชาย,25-34,B02,2026-03-05,3,False,สีลม
C00581,รัตนา,ชาย,55+,B04,2025-07-01,6,False,บางนา
C00582,ธนา,หญิง,35-44,B01,2025-12-14,4,False,สยาม
C00583,ภัทร,หญิง,25-34,B02,2025-08-27,3,False,สีลม
C00584,รัตนา,ชาย,35-44,B03,2025-12-17,4,False,อารีย์
C00585,มานพ,หญิง,18-24,B01,2026-09-11,2,False,สยาม
C00586,ธีร,ชาย,25-34,B05,2025-09-24,3,False,มหาวิทยาลัย
C00587,สุดา,หญิง,35-44,B01,2025-10-01,4,False,สยาม
C00588,อัญชลี,ชาย,25-34,B01,2026-04-06,3,False,สยาม
C00589,ปวีณ,หญิง,25-34,B05,2025-07-23,3,False,มหาวิทยาลัย
C00590,เกศ,หญิง,18-24,B01,2026-02-01,2,False,สยาม
C00591,ปิยะ,หญิง,25-34,B05,2025-04-12,3,False,มหาวิทยาลัย
C00592,ธนา,ชาย,35-44,B03,2026-01-22,4,False,อารีย์
C00593,ปวีณ,ไม่ระบุ,35-44,B03,2026-06-16,4,False,อารีย์
C00594,กิตติ,หญิง,18-24,B03,2026-04-07,2,False,อารีย์
C00595,อัญชลี,หญิง,25-34,B05,2025-04-07,3,False,มหาวิทยาลัย
C00596,ศิริ,หญิง,25-34,B05,2025-06-15,3,False,มหาวิทยาลัย
C00597,ปวีณ,ชาย,25-34,B03,2026-04-29,3,False,อารีย์
C00598,ธนา,หญิง,55+,B05,2025-06-22,6,False,มหาวิทยาลัย
C00599,กมล,ชาย,35-44,B05,2025-12-16,4,False,มหาวิทยาลัย
C00600,ปิยะ,หญิง,18-24,B05,2025-09-15,2,False,มหาวิทยาลัย
C00601,สมชาย,หญิง,35-44,B03,2026-08-24,4,False,อารีย์
C00602,ทิพย์,ชาย,18-24,B01,2025-08-15,2,False,สยาม
C00603,รัตนา,หญิง,25-34,B01,2025-05-11,3,False,สยาม
C00604,ธนา,หญิง,25-34,B02,2025-09-28,3,False,สีลม
C00605,สุดา,ชาย,25-34,B01,2026-04-24,3,False,สยาม
C00606,พิม,หญิง,25-34,B03,2026-06-27,3,False,อารีย์
C00607,สุดา,ชาย,25-34,B01,2025-06-24,3,False,สยาม
C00608,ภูมิ,หญิง,18-24,B02,2025-04-11,2,False,สีลม
C00609,อรุณ,ชาย,18-24,B01,2026-07-10,2,False,สยาม
C00610,อัญชลี,ชาย,25-34,B02,2026-03-12,3,False,สีลม
C00611,ศิริ,ชาย,25-34,B02,2025-12-02,3,False,สีลม
C00612,ภัทร,หญิง,45-54,B03,2025-12-04,5,False,อารีย์
C00613,ภัทร,ชาย,ต่ำกว่า 18,B01,2025-05-14,1,True,สยาม
C00614,วรรณ,ชาย,45-54,B05,2026-09-08,5,False,มหาวิทยาลัย
C00615,ศิริ,ชาย,18-24,B02,2025-10-21,2,False,สีลม
C00616,กมล,ชาย,35-44,B01,2025-05-22,4,False,สยาม
C00617,กิตติ,หญิง,25-34,B02,2025-07-30,3,False,สีลม
C00618,มานพ,ชาย,55+,B01,2026-02-04,6,False,สยาม
C00619,กมล,หญิง,18-24,B03,2026-08-26,2,False,อารีย์
C00620,เกศ,หญิง,18-24,B01,2026-05-10,2,False,สยาม
C00621,พิม,ชาย,25-34,B05,2026-05-09,3,False,มหาวิทยาลัย
C00622,นภัส,ชาย,35-44,B01,2025-05-07,4,False,สยาม
C00623,ชนา,ชาย,35-44,B03,2025-11-08,4,False,อารีย์
C00624,ภัทร,หญิง,45-54,B02,2025-09-25,5,False,สีลม
C00625,ภูมิ,ชาย,35-44,B02,2025-12-02,4,False,สีลม
C00626,รัตนา,ชาย,55+,B05,2026-01-15,6,False,มหาวิทยาลัย
C00627,กมล,หญิง,ต่ำกว่า 18,B01,2026-05-10,1,True,สยาม
C00628,สุดา,ชาย,25-34,B05,2026-06-19,3,False,มหาวิทยาลัย
C00629,มานพ,ไม่ระบุ,18-24,B02,2025-05-16,2,False,สีลม
C00630,มานพ,หญิง,35-44,B04,2025-11-17,4,False,บางนา
C00631,กมล,หญิง,25-34,B01,2026-08-13,3,False,สยาม
C00632,อัญชลี,ชาย,25-34,B04,2025-08-05,3,False,บางนา
C00633,ปิยะ,ชาย,18-24,B04,2026-02-12,2,False,บางนา
C00634,วรรณ,ชาย,45-54,B02,2026-04-13,5,False,สีลม
C00635,สุดา,ไม่ระบุ,25-34,B05,2026-09-13,3,False,มหาวิทยาลัย
C00636,สมชาย,ชาย,ต่ำกว่า 18,B04,2025-04-16,1,True,บางนา
C00637,จิรา,ชาย,18-24,B05,2025-12-15,2,False,มหาวิทยาลัย
C00638,วีระ,ชาย,25-34,B01,2026-04-18,3,False,สยาม
C00639,สุดา,หญิง,25-34,B04,2025-11-28,3,False,บางนา
C00640,พิม,หญิง,35-44,B03,2025-12-20,4,False,อารีย์
C00641,พิม,ชาย,18-24,B02,2026-08-08,2,False,สีลม
C00642,พิม,หญิง,18-24,B01,2025-12-12,2,False,สยาม
C00643,มานพ,หญิง,25-34,B01,2025-11-15,3,False,สยาม
C00644,ภูมิ,หญิง,18-24,B05,2025-10-21,2,False,มหาวิทยาลัย
C00645,ชนา,หญิง,35-44,B01,2025-11-05,4,False,สยาม
C00646,สมชาย,ชาย,45-54,B01,2025-09-21,5,False,สยาม
C00647,วรรณ,ชาย,25-34,B01,2025-09-23,3,False,สยาม
C00648,ปวีณ,หญิง,18-24,B02,2026-02-01,2,False,สีลม
C00649,กิตติ,ชาย,45-54,B01,2025-05-19,5,False,สยาม
C00650,ธีร,หญิง,55+,B01,2025-12-09,6,False,สยาม
C00651,ปิยะ,ชาย,25-34,B01,2026-03-12,3,False,สยาม
C00652,อัญชลี,ชาย,35-44,B03,2026-08-01,4,False,อารีย์
C00653,กิตติ,หญิง,18-24,B05,2026-08-10,2,False,มหาวิทยาลัย
C00654,กิตติ,หญิง,35-44,B05,2026-03-24,4,False,มหาวิทยาลัย
C00655,เกศ,ชาย,18-24,B01,2026-03-06,2,False,สยาม
C00656,สมชาย,หญิง,35-44,B03,2026-03-20,4,False,อารีย์
C00657,มานพ,ชาย,18-24,B04,2025-04-21,2,False,บางนา
C00658,นภัส,ชาย,25-34,B01,2025-05-06,3,False,สยาม
C00659,กิตติ,ชาย,25-34,B05,2025-10-30,3,False,มหาวิทยาลัย
C00660,ปวีณ,ชาย,45-54,B05,2025-04-13,5,False,มหาวิทยาลัย
C00661,อรุณ,หญิง,25-34,B02,2026-02-28,3,False,สีลม
C00662,จิรา,ชาย,25-34,B05,2025-05-26,3,False,มหาวิทยาลัย
C00663,วรรณ,หญิง,18-24,B03,2026-07-25,2,False,อารีย์
C00664,ทิพย์,หญิง,25-34,B02,2026-06-23,3,False,สีลม
C00665,สุดา,ไม่ระบุ,25-34,B01,2025-07-05,3,False,สยาม
C00666,สุดา,หญิง,25-34,B04,2025-08-22,3,False,บางนา
C00667,ธีร,หญิง,25-34,B02,2026-01-29,3,False,สีลม
C00668,วีระ,ชาย,55+,B02,2026-01-14,6,False,สีลม
C00669,นภัส,ชาย,18-24,B04,2026-03-22,2,False,บางนา
C00670,อรุณ,หญิง,25-34,B04,2025-12-30,3,False,บางนา
C00671,ศิริ,ไม่ระบุ,ต่ำกว่า 18,B05,2025-12-12,1,True,มหาวิทยาลัย
C00672,จิรา,ชาย,18-24,B02,2025-10-20,2,False,สีลม
C00673,เกศ,ชาย,18-24,B02,2025-08-01,2,False,สีลม
C00674,วีระ,ชาย,55+,B01,2026-01-23,6,False,สยาม
C00675,สมชาย,หญิง,45-54,B05,2026-04-05,5,False,มหาวิทยาลัย
C00676,เกศ,หญิง,ต่ำกว่า 18,B04,2026-06-13,1,True,บางนา
C00677,ศิริ,หญิง,35-44,B01,2025-12-31,4,False,สยาม
C00678,ธีร,หญิง,18-24,B01,2026-02-27,2,False,สยาม
C00679,ชนา,หญิง,25-34,B02,2026-06-18,3,False,สีลม
C00680,กิตติ,หญิง,25-34,B01,2026-03-21,3,False,สยาม
C00681,กมล,หญิง,35-44,B02,2026-01-20,4,False,สีลม
C00682,กิตติ,หญิง,25-34,B03,2026-08-30,3,False,อารีย์
C00683,ชนา,ชาย,35-44,B02,2025-11-23,4,False,สีลม
C00684,จิรา,ชาย,35-44,B02,2026-02-08,4,False,สีลม
C00685,ชนา,หญิง,45-54,B03,2026-02-13,5,False,อารีย์
C00686,ศิริ,ชาย,35-44,B04,2025-09-10,4,False,บางนา
C00687,อัญชลี,ชาย,35-44,B04,2026-05-29,4,False,บางนา
C00688,รัตนา,หญิง,25-34,B04,2025-04-07,3,False,บางนา
C00689,ชนา,ชาย,25-34,B05,2025-11-02,3,False,มหาวิทยาลัย
C00690,วรรณ,ชาย,18-24,B04,2025-08-23,2,False,บางนา
C00691,กิตติ,หญิง,35-44,B02,2026-04-30,4,False,สีลม
C00692,ศิริ,ชาย,18-24,B05,2026-01-22,2,False,มหาวิทยาลัย
C00693,อัญชลี,ชาย,18-24,B04,2026-08-13,2,False,บางนา
C00694,กมล,หญิง,25-34,B04,2026-07-14,3,False,บางนา
C00695,ชนา,ชาย,25-34,B05,2025-07-19,3,False,มหาวิทยาลัย
C00696,ภูมิ,ชาย,55+,B05,2025-05-17,6,False,มหาวิทยาลัย
C00697,วีระ,ชาย,35-44,B02,2025-11-22,4,False,สีลม
C00698,จิรา,หญิง,25-34,B01,2025-06-19,3,False,สยาม
C00699,รัตนา,ชาย,55+,B04,2026-05-20,6,False,บางนา
C00700,นภัส,ชาย,55+,B05,2025-10-30,6,False,มหาวิทยาลัย
C00701,นภัส,หญิง,25-34,B01,2025-04-01,3,False,สยาม
C00702,ธนา,หญิง,18-24,B02,2025-09-09,2,False,สีลม
C00703,อัญชลี,ชาย,25-34,B01,2025-11-13,3,False,สยาม
C00704,ทิพย์,หญิง,45-54,B03,2026-02-21,5,False,อารีย์
C00705,กิตติ,หญิง,35-44,B05,2026-09-09,4,False,มหาวิทยาลัย
C00706,สมชาย,หญิง,18-24,B01,2025-11-19,2,False,สยาม
C00707,ธีร,หญิง,25-34,B05,2025-09-11,3,False,มหาวิทยาลัย
C00708,กิตติ,ชาย,35-44,B04,2026-03-24,4,False,บางนา
C00709,กมล,หญิง,25-34,B02,2025-12-16,3,False,สีลม
C00710,สมชาย,หญิง,25-34,B05,2025-07-18,3,False,มหาวิทยาลัย
C00711,มานพ,หญิง,55+,B05,2025-07-27,6,False,มหาวิทยาลัย
C00712,สมชาย,ไม่ระบุ,18-24,B05,2026-04-27,2,False,มหาวิทยาลัย
C00713,รัตนา,หญิง,35-44,B04,2025-07-29,4,False,บางนา
C00714,สมชาย,ชาย,45-54,B02,2026-01-12,5,False,สีลม
C00715,อัญชลี,หญิง,25-34,B05,2025-04-10,3,False,มหาวิทยาลัย
C00716,ปิยะ,หญิง,25-34,B04,2025-05-02,3,False,บางนา
C00717,อรุณ,ชาย,25-34,B05,2026-06-08,3,False,มหาวิทยาลัย
C00718,ธีร,ชาย,25-34,B01,2026-07-19,3,False,สยาม
C00719,สุดา,ชาย,35-44,B04,2025-11-26,4,False,บางนา
C00720,รัตนา,หญิง,35-44,B05,2025-10-19,4,False,มหาวิทยาลัย
C00721,กิตติ,ชาย,25-34,B01,2026-03-13,3,False,สยาม
C00722,ณัฐ,ชาย,25-34,B03,2026-06-27,3,False,อารีย์
C00723,นภัส,ชาย,35-44,B01,2025-10-23,4,False,สยาม
C00724,เกศ,ไม่ระบุ,18-24,B01,2026-03-21,2,False,สยาม
C00725,ปวีณ,ชาย,25-34,B02,2025-12-06,3,False,สีลม
C00726,ธนา,ชาย,55+,B04,2025-08-26,6,False,บางนา
C00727,ชนา,ไม่ระบุ,25-34,B03,2025-12-28,3,False,อารีย์
C00728,อัญชลี,ชาย,35-44,B04,2026-04-03,4,False,บางนา
C00729,ทิพย์,ชาย,25-34,B02,2025-04-14,3,False,สีลม
C00730,ชนา,หญิง,18-24,B03,2025-11-22,2,False,อารีย์
C00731,ศิริ,หญิง,25-34,B02,2025-09-08,3,False,สีลม
C00732,กิตติ,ชาย,35-44,B02,2025-07-24,4,False,สีลม
C00733,วีระ,ชาย,25-34,B05,2025-11-17,3,False,มหาวิทยาลัย
C00734,รัตนา,หญิง,35-44,B02,2026-07-25,4,False,สีลม
C00735,ภัทร,หญิง,25-34,B05,2025-10-24,3,False,มหาวิทยาลัย
C00736,ธีร,หญิง,18-24,B04,2025-05-24,2,False,บางนา
C00737,มานพ,หญิง,18-24,B05,2026-06-10,2,False,มหาวิทยาลัย
C00738,มานพ,ชาย,55+,B04,2026-04-12,6,False,บางนา
C00739,กิตติ,ไม่ระบุ,25-34,B05,2025-05-08,3,False,มหาวิทยาลัย
C00740,ธนา,หญิง,35-44,B03,2026-07-30,4,False,อารีย์
C00741,ณัฐ,ชาย,25-34,B02,2026-04-21,3,False,สีลม
C00742,วรรณ,หญิง,25-34,B02,2025-11-28,3,False,สีลม
C00743,รัตนา,ชาย,45-54,B05,2025-04-18,5,False,มหาวิทยาลัย
C00744,กมล,หญิง,18-24,B02,2025-04-27,2,False,สีลม
C00745,สมชาย,ชาย,25-34,B05,2025-11-06,3,False,มหาวิทยาลัย
C00746,ชนา,หญิง,18-24,B05,2026-06-30,2,False,มหาวิทยาลัย
C00747,กิตติ,ชาย,55+,B05,2026-06-26,6,False,มหาวิทยาลัย
C00748,ธนา,หญิง,45-54,B01,2026-04-19,5,False,สยาม
C00749,อรุณ,หญิง,25-34,B05,2026-05-22,3,False,มหาวิทยาลัย
C00750,จิรา,ชาย,18-24,B03,2026-04-25,2,False,อารีย์
C00751,ปิยะ,ชาย,25-34,B03,2026-09-03,3,False,อารีย์
C00752,ชนา,หญิง,45-54,B05,2025-06-28,5,False,มหาวิทยาลัย
C00753,ภัทร,ชาย,35-44,B01,2025-08-01,4,False,สยาม
C00754,รัตนา,หญิง,45-54,B03,2026-06-25,5,False,อารีย์
C00755,สุดา,หญิง,45-54,B03,2026-06-12,5,False,อารีย์
C00756,พิม,หญิง,18-24,B01,2026-05-14,2,False,สยาม
C00757,อัญชลี,ชาย,25-34,B05,2025-05-26,3,False,มหาวิทยาลัย
C00758,ทิพย์,ชาย,18-24,B02,2025-08-01,2,False,สีลม
C00759,อรุณ,ชาย,18-24,B01,2025-04-03,2,False,สยาม
C00760,อัญชลี,ชาย,18-24,B02,2025-05-18,2,False,สีลม
C00761,ธนา,ชาย,55+,B05,2025-08-01,6,False,มหาวิทยาลัย
C00762,กมล,ชาย,45-54,B01,2026-05-24,5,False,สยาม
C00763,ศิริ,หญิง,45-54,B03,2026-05-16,5,False,อารีย์
C00764,กิตติ,ชาย,18-24,B01,2026-07-24,2,False,สยาม
C00765,วรรณ,ชาย,18-24,B01,2025-05-09,2,False,สยาม
C00766,จิรา,หญิง,18-24,B05,2025-12-25,2,False,มหาวิทยาลัย
C00767,อรุณ,หญิง,25-34,B04,2025-09-10,3,False,บางนา
C00768,ภัทร,ชาย,45-54,B04,2025-06-15,5,False,บางนา
C00769,สมชาย,หญิง,25-34,B05,2025-05-11,3,False,มหาวิทยาลัย
C00770,ปวีณ,ชาย,25-34,B04,2026-03-09,3,False,บางนา
C00771,ทิพย์,ชาย,45-54,B01,2025-08-20,5,False,สยาม
C00772,ภูมิ,ชาย,25-34,B03,2026-04-01,3,False,อารีย์
C00773,พิม,ชาย,45-54,B04,2025-11-07,5,False,บางนา
C00774,วีระ,หญิง,55+,B02,2025-12-27,6,False,สีลม
C00775,ธีร,หญิง,25-34,B05,2025-09-13,3,False,มหาวิทยาลัย
C00776,ทิพย์,ชาย,35-44,B05,2025-11-04,4,False,มหาวิทยาลัย
C00777,ปิยะ,ชาย,35-44,B03,2026-04-06,4,False,อารีย์
C00778,สมชาย,ชาย,18-24,B02,2025-05-03,2,False,สีลม
C00779,วีระ,ชาย,25-34,B04,2026-08-24,3,False,บางนา
C00780,อัญชลี,ไม่ระบุ,18-24,B03,2026-03-02,2,False,อารีย์
C00781,ศิริ,ชาย,55+,B01,2025-05-24,6,False,สยาม
C00782,กมล,ชาย,25-34,B03,2026-02-07,3,False,อารีย์
C00783,ธนา,ชาย,25-34,B05,2026-02-04,3,False,มหาวิทยาลัย
C00784,ชนา,หญิง,18-24,B04,2026-05-19,2,False,บางนา
C00785,ธีร,หญิง,45-54,B04,2025-06-26,5,False,บางนา
C00786,ณัฐ,ชาย,25-34,B01,2026-08-07,3,False,สยาม
C00787,ปวีณ,ชาย,18-24,B05,2025-08-21,2,False,มหาวิทยาลัย
C00788,อัญชลี,ไม่ระบุ,25-34,B02,2025-10-13,3,False,สีลม
C00789,เกศ,หญิง,25-34,B01,2025-09-23,3,False,สยาม
C00790,ปิยะ,หญิง,25-34,B04,2026-04-15,3,False,บางนา
C00791,วรรณ,หญิง,25-34,B04,2026-03-16,3,False,บางนา
C00792,มานพ,หญิง,18-24,B01,2025-08-10,2,False,สยาม
C00793,สมชาย,หญิง,18-24,B05,2026-06-24,2,False,มหาวิทยาลัย
C00794,สมชาย,หญิง,18-24,B04,2025-06-06,2,False,บางนา
C00795,กิตติ,ไม่ระบุ,25-34,B02,2025-12-23,3,False,สีลม
C00796,กิตติ,ชาย,35-44,B01,2025-04-21,4,False,สยาม
C00797,สุดา,หญิง,18-24,B01,2025-11-22,2,False,สยาม
C00798,กิตติ,ชาย,25-34,B02,2026-01-04,3,False,สีลม
C00799,ภัทร,หญิง,35-44,B02,2026-04-21,4,False,สีลม
C00800,มานพ,หญิง,18-24,B01,2026-06-30,2,False,สยาม
C00801,ชนา,ชาย,35-44,B03,2026-05-13,4,False,อารีย์
C00802,มานพ,ชาย,18-24,B02,2025-09-09,2,False,สีลม
C00803,กิตติ,ชาย,35-44,B05,2026-01-16,4,False,มหาวิทยาลัย
C00804,ชนา,หญิง,25-34,B05,2026-05-25,3,False,มหาวิทยาลัย
C00805,ณัฐ,หญิง,25-34,B05,2026-01-15,3,False,มหาวิทยาลัย
C00806,รัตนา,หญิง,18-24,B01,2026-04-08,2,False,สยาม
C00807,มานพ,ชาย,45-54,B01,2025-05-17,5,False,สยาม
C00808,ศิริ,ชาย,25-34,B03,2026-05-17,3,False,อารีย์
C00809,ธนา,ชาย,25-34,B02,2025-07-06,3,False,สีลม
C00810,มานพ,ไม่ระบุ,45-54,B04,2026-02-16,5,False,บางนา
C00811,สุดา,หญิง,18-24,B03,2026-08-19,2,False,อารีย์
C00812,ชนา,ชาย,45-54,B03,2026-01-15,5,False,อารีย์
C00813,จิรา,ไม่ระบุ,18-24,B02,2026-06-10,2,False,สีลม
C00814,อรุณ,หญิง,45-54,B01,2026-07-14,5,False,สยาม
C00815,สุดา,หญิง,18-24,B02,2025-05-06,2,False,สีลม
C00816,ชนา,หญิง,45-54,B01,2026-02-24,5,False,สยาม
C00817,ปิยะ,ชาย,ต่ำกว่า 18,B05,2026-03-04,1,True,มหาวิทยาลัย
C00818,เกศ,ชาย,25-34,B01,2026-09-14,3,False,สยาม
C00819,นภัส,หญิง,35-44,B02,2026-02-19,4,False,สีลม
C00820,ภูมิ,ชาย,18-24,B02,2026-03-11,2,False,สีลม
C00821,อรุณ,หญิง,18-24,B01,2026-03-15,2,False,สยาม
C00822,วีระ,ชาย,25-34,B02,2025-06-20,3,False,สีลม
C00823,ณัฐ,หญิง,25-34,B04,2025-06-29,3,False,บางนา
C00824,ธีร,ชาย,18-24,B02,2026-03-08,2,False,สีลม
C00825,พิม,หญิง,18-24,B02,2025-04-03,2,False,สีลม
C00826,เกศ,ชาย,25-34,B05,2025-06-29,3,False,มหาวิทยาลัย
C00827,เกศ,หญิง,25-34,B02,2025-08-06,3,False,สีลม
C00828,รัตนา,ชาย,35-44,B01,2025-11-16,4,False,สยาม
C00829,สมชาย,ชาย,18-24,B03,2026-07-19,2,False,อารีย์
C00830,ปิยะ,หญิง,25-34,B05,2025-11-20,3,False,มหาวิทยาลัย
C00831,สมชาย,ชาย,35-44,B03,2026-07-21,4,False,อารีย์
C00832,อัญชลี,หญิง,25-34,B01,2025-07-03,3,False,สยาม
C00833,ภูมิ,หญิง,35-44,B04,2025-04-10,4,False,บางนา
C00834,มานพ,หญิง,18-24,B03,2026-07-26,2,False,อารีย์
C00835,ภัทร,หญิง,35-44,B01,2025-12-07,4,False,สยาม
C00836,พิม,หญิง,18-24,B04,2025-06-11,2,False,บางนา
C00837,ปิยะ,ชาย,25-34,B04,2026-04-25,3,False,บางนา
C00838,ปิยะ,หญิง,25-34,B05,2026-05-05,3,False,มหาวิทยาลัย
C00839,ภัทร,ชาย,18-24,B02,2026-04-18,2,False,สีลม
C00840,กิตติ,ชาย,18-24,B05,2026-01-03,2,False,มหาวิทยาลัย
C00841,มานพ,ชาย,18-24,B03,2026-07-04,2,False,อารีย์
C00842,กิตติ,หญิง,18-24,B04,2026-04-15,2,False,บางนา
C00843,สมชาย,หญิง,35-44,B05,2026-01-05,4,False,มหาวิทยาลัย
C00844,กิตติ,หญิง,18-24,B05,2025-12-13,2,False,มหาวิทยาลัย
C00845,สุดา,ชาย,25-34,B04,2026-05-15,3,False,บางนา
C00846,ปวีณ,ชาย,45-54,B05,2025-06-18,5,False,มหาวิทยาลัย
C00847,พิม,หญิง,18-24,B01,2025-10-21,2,False,สยาม
C00848,อัญชลี,หญิง,25-34,B02,2026-02-22,3,False,สีลม
C00849,ปวีณ,ชาย,25-34,B03,2026-07-30,3,False,อารีย์
C00850,ชนา,หญิง,ต่ำกว่า 18,B04,2026-02-09,1,True,บางนา
C00851,ปิยะ,ชาย,25-34,B02,2025-08-22,3,False,สีลม
C00852,ปิยะ,ไม่ระบุ,18-24,B05,2025-10-18,2,False,มหาวิทยาลัย
C00853,นภัส,หญิง,55+,B01,2025-05-04,6,False,สยาม
C00854,รัตนา,หญิง,55+,B04,2025-08-03,6,False,บางนา
C00855,กมล,หญิง,25-34,B01,2025-09-06,3,False,สยาม
C00856,ภัทร,ชาย,25-34,B03,2026-01-17,3,False,อารีย์
C00857,อรุณ,ชาย,35-44,B05,2025-07-11,4,False,มหาวิทยาลัย
C00858,ธนา,ชาย,25-34,B02,2025-05-07,3,False,สีลม
C00859,จิรา,หญิง,55+,B03,2026-05-29,6,False,อารีย์
C00860,วรรณ,หญิง,45-54,B05,2025-11-04,5,False,มหาวิทยาลัย
C00861,อรุณ,ชาย,45-54,B04,2026-04-17,5,False,บางนา
C00862,ธีร,ชาย,25-34,B01,2026-07-21,3,False,สยาม
C00863,ปิยะ,หญิง,25-34,B02,2026-05-23,3,False,สีลม
C00864,ปิยะ,ชาย,18-24,B05,2026-02-21,2,False,มหาวิทยาลัย
C00865,ศิริ,ชาย,45-54,B01,2025-11-08,5,False,สยาม
C00866,ปิยะ,หญิง,25-34,B01,2025-04-27,3,False,สยาม
C00867,อรุณ,ชาย,35-44,B05,2025-04-02,4,False,มหาวิทยาลัย
C00868,ชนา,หญิง,18-24,B05,2026-01-10,2,False,มหาวิทยาลัย
C00869,ทิพย์,หญิง,45-54,B02,2025-10-20,5,False,สีลม
C00870,มานพ,หญิง,25-34,B01,2026-09-09,3,False,สยาม
C00871,ศิริ,ชาย,25-34,B01,2026-08-21,3,False,สยาม
C00872,อัญชลี,ชาย,25-34,B04,2026-02-23,3,False,บางนา
C00873,สมชาย,ชาย,ต่ำกว่า 18,B02,2026-08-08,1,True,สีลม
C00874,กิตติ,หญิง,25-34,B01,2025-08-30,3,False,สยาม
C00875,สุดา,ชาย,25-34,B01,2026-03-08,3,False,สยาม
C00876,รัตนา,หญิง,25-34,B02,2025-06-12,3,False,สีลม
C00877,นภัส,หญิง,35-44,B05,2025-09-25,4,False,มหาวิทยาลัย
C00878,อัญชลี,ชาย,25-34,B05,2026-03-21,3,False,มหาวิทยาลัย
C00879,ภัทร,หญิง,18-24,B03,2026-01-04,2,False,อารีย์
C00880,เกศ,หญิง,25-34,B04,2025-06-02,3,False,บางนา
C00881,อัญชลี,หญิง,25-34,B05,2026-06-11,3,False,มหาวิทยาลัย
C00882,อรุณ,ชาย,18-24,B03,2025-12-09,2,False,อารีย์
C00883,ศิริ,ชาย,35-44,B02,2025-10-04,4,False,สีลม
C00884,ภัทร,ชาย,45-54,B01,2025-09-07,5,False,สยาม
C00885,อัญชลี,หญิง,35-44,B01,2026-03-23,4,False,สยาม
C00886,ทิพย์,หญิง,35-44,B01,2025-08-29,4,False,สยาม
C00887,ศิริ,หญิง,25-34,B03,2026-04-26,3,False,อารีย์
C00888,เกศ,หญิง,45-54,B04,2026-08-26,5,False,บางนา
C00889,ศิริ,ชาย,55+,B03,2026-04-10,6,False,อารีย์
C00890,ศิริ,หญิง,25-34,B04,2026-03-20,3,False,บางนา
C00891,สมชาย,หญิง,35-44,B05,2025-10-20,4,False,มหาวิทยาลัย
C00892,วีระ,ชาย,18-24,B04,2025-10-12,2,False,บางนา
C00893,ณัฐ,หญิง,35-44,B05,2025-08-18,4,False,มหาวิทยาลัย
C00894,สมชาย,ชาย,35-44,B03,2026-08-26,4,False,อารีย์
C00895,ณัฐ,ชาย,35-44,B03,2026-06-17,4,False,อารีย์
C00896,ชนา,ชาย,55+,B01,2026-06-23,6,False,สยาม
C00897,ภูมิ,ไม่ระบุ,45-54,B04,2026-03-13,5,False,บางนา
C00898,ปวีณ,ชาย,18-24,B05,2026-08-31,2,False,มหาวิทยาลัย
C00899,ศิริ,ชาย,25-34,B01,2025-09-06,3,False,สยาม
C00900,ชนา,ชาย,25-34,B01,2026-05-04,3,False,สยาม
C00901,อัญชลี,ชาย,18-24,B03,2026-08-17,2,False,อารีย์
C00902,ทิพย์,ชาย,45-54,B05,2025-05-26,5,False,มหาวิทยาลัย
C00903,สุดา,หญิง,55+,B05,2026-02-16,6,False,มหาวิทยาลัย
C00904,ศิริ,หญิง,18-24,B05,2026-01-16,2,False,มหาวิทยาลัย
C00905,จิรา,หญิง,18-24,B01,2026-07-13,2,False,สยาม
C00906,ปวีณ,ชาย,55+,B02,2025-10-30,6,False,สีลม
C00907,ปวีณ,หญิง,25-34,B01,2025-08-19,3,False,สยาม
C00908,ทิพย์,ชาย,18-24,B05,2026-05-09,2,False,มหาวิทยาลัย
C00909,ณัฐ,หญิง,18-24,B03,2026-06-18,2,False,อารีย์
C00910,ปวีณ,ไม่ระบุ,45-54,B01,2025-04-09,5,False,สยาม
C00911,สมชาย,หญิง,18-24,B05,2025-10-18,2,False,มหาวิทยาลัย
C00912,ศิริ,หญิง,35-44,B03,2026-06-20,4,False,อารีย์
C00913,ธีร,ชาย,18-24,B05,2026-06-20,2,False,มหาวิทยาลัย
C00914,รัตนา,หญิง,18-24,B04,2026-07-18,2,False,บางนา
C00915,ภัทร,หญิง,35-44,B01,2025-06-15,4,False,สยาม
C00916,มานพ,หญิง,35-44,B03,2026-08-18,4,False,อารีย์
C00917,อัญชลี,หญิง,18-24,B02,2026-01-13,2,False,สีลม
C00918,ธนา,ชาย,18-24,B01,2025-09-30,2,False,สยาม
C00919,ภูมิ,ชาย,18-24,B01,2026-02-26,2,False,สยาม
C00920,วรรณ,ชาย,25-34,B04,2025-07-29,3,False,บางนา
C00921,ปิยะ,หญิง,25-34,B05,2026-07-10,3,False,มหาวิทยาลัย
C00922,สุดา,หญิง,35-44,B05,2026-06-01,4,False,มหาวิทยาลัย
C00923,อัญชลี,ชาย,18-24,B05,2025-08-22,2,False,มหาวิทยาลัย
C00924,พิม,ชาย,25-34,B04,2026-05-20,3,False,บางนา
C00925,จิรา,ชาย,18-24,B01,2025-09-18,2,False,สยาม
C00926,สมชาย,ชาย,18-24,B03,2026-03-30,2,False,อารีย์
C00927,เกศ,หญิง,ต่ำกว่า 18,B02,2026-07-20,1,True,สีลม
C00928,ธีร,หญิง,ต่ำกว่า 18,B04,2026-05-04,1,True,บางนา
C00929,ศิริ,ชาย,25-34,B03,2026-07-31,3,False,อารีย์
C00930,กิตติ,หญิง,25-34,B01,2026-04-12,3,False,สยาม
C00931,ศิริ,หญิง,18-24,B03,2026-02-05,2,False,อารีย์
C00932,ทิพย์,ชาย,55+,B01,2025-04-30,6,False,สยาม
C00933,ปิยะ,หญิง,45-54,B01,2026-06-23,5,False,สยาม
C00934,ณัฐ,ชาย,35-44,B02,2026-07-20,4,False,สีลม
C00935,มานพ,หญิง,18-24,B05,2025-11-18,2,False,มหาวิทยาลัย
C00936,ธนา,ชาย,25-34,B01,2025-09-22,3,False,สยาม
C00937,ณัฐ,หญิง,25-34,B05,2025-05-19,3,False,มหาวิทยาลัย
C00938,กมล,ชาย,ต่ำกว่า 18,B05,2025-04-13,1,True,มหาวิทยาลัย
C00939,สุดา,หญิง,18-24,B05,2026-06-19,2,False,มหาวิทยาลัย
C00940,วีระ,หญิง,18-24,B04,2026-04-16,2,False,บางนา
C00941,ทิพย์,ชาย,18-24,B03,2026-08-28,2,False,อารีย์
C00942,ทิพย์,ไม่ระบุ,25-34,B05,2026-07-06,3,False,มหาวิทยาลัย
C00943,ชนา,ชาย,45-54,B05,2025-08-04,5,False,มหาวิทยาลัย
C00944,กิตติ,หญิง,25-34,B04,2026-04-27,3,False,บางนา
C00945,ธนา,หญิง,35-44,B01,2025-11-22,4,False,สยาม
C00946,ปวีณ,หญิง,35-44,B02,2026-09-07,4,False,สีลม
C00947,ปิยะ,หญิง,25-34,B05,2025-06-14,3,False,มหาวิทยาลัย
C00948,อรุณ,หญิง,25-34,B02,2026-05-04,3,False,สีลม
C00949,พิม,ชาย,25-34,B01,2025-11-05,3,False,สยาม
C00950,ธีร,หญิง,35-44,B03,2026-03-06,4,False,อารีย์
C00951,สมชาย,หญิง,18-24,B01,2026-08-14,2,False,สยาม
C00952,ธีร,หญิง,ต่ำกว่า 18,B02,2026-01-04,1,True,สีลม
C00953,อรุณ,หญิง,25-34,B01,2025-11-28,3,False,สยาม
C00954,ปวีณ,หญิง,55+,B03,2025-11-16,6,False,อารีย์
C00955,วรรณ,หญิง,35-44,B02,2025-07-24,4,False,สีลม
C00956,วรรณ,หญิง,25-34,B03,2026-07-20,3,False,อารีย์
C00957,สมชาย,ชาย,45-54,B04,2025-10-21,5,False,บางนา
C00958,มานพ,ไม่ระบุ,45-54,B01,2025-11-07,5,False,สยาม
C00959,อรุณ,หญิง,25-34,B02,2025-08-10,3,False,สีลม
C00960,สุดา,หญิง,25-34,B01,2025-11-14,3,False,สยาม
C00961,ปวีณ,ชาย,18-24,B05,2025-10-30,2,False,มหาวิทยาลัย
C00962,อัญชลี,หญิง,35-44,B01,2026-03-10,4,False,สยาม
C00963,ธีร,หญิง,18-24,B05,2025-05-18,2,False,มหาวิทยาลัย
C00964,เกศ,หญิง,18-24,B01,2025-10-16,2,False,สยาม
C00965,ธีร,ไม่ระบุ,25-34,B03,2026-05-29,3,False,อารีย์
C00966,จิรา,ชาย,25-34,B04,2026-02-12,3,False,บางนา
C00967,สุดา,หญิง,55+,B01,2025-06-11,6,False,สยาม
C00968,ทิพย์,หญิง,18-24,B01,2026-07-07,2,False,สยาม
C00969,อรุณ,ชาย,25-34,B04,2025-09-08,3,False,บางนา
C00970,ภูมิ,หญิง,25-34,B01,2025-09-04,3,False,สยาม
C00971,รัตนา,หญิง,25-34,B01,2026-07-28,3,False,สยาม
C00972,เกศ,ชาย,25-34,B04,2026-02-14,3,False,บางนา
C00973,จิรา,ชาย,35-44,B01,2026-06-04,4,False,สยาม
C00974,อัญชลี,หญิง,55+,B02,2025-08-08,6,False,สีลม
C00975,ภัทร,หญิง,25-34,B01,2025-11-05,3,False,สยาม
C00976,มานพ,หญิง,25-34,B02,2026-02-20,3,False,สีลม
C00977,พิม,ไม่ระบุ,18-24,B05,2026-01-19,2,False,มหาวิทยาลัย
C00978,อรุณ,หญิง,18-24,B02,2026-08-02,2,False,สีลม
C00979,เกศ,หญิง,35-44,B02,2026-05-24,4,False,สีลม
C00980,อรุณ,ชาย,25-34,B02,2025-10-27,3,False,สีลม
C00981,กมล,ชาย,25-34,B02,2025-09-02,3,False,สีลม
C00982,พิม,ชาย,35-44,B02,2025-04-14,4,False,สีลม
C00983,สุดา,หญิง,25-34,B05,2026-05-27,3,False,มหาวิทยาลัย
C00984,ทิพย์,หญิง,25-34,B05,2025-07-30,3,False,มหาวิทยาลัย
C00985,สมชาย,หญิง,25-34,B05,2025-08-17,3,False,มหาวิทยาลัย
C00986,ภัทร,ชาย,18-24,B04,2026-01-11,2,False,บางนา
C00987,ทิพย์,หญิง,18-24,B01,2025-05-22,2,False,สยาม
C00988,ปวีณ,ชาย,45-54,B05,2025-10-08,5,False,มหาวิทยาลัย
C00989,กมล,ชาย,25-34,B02,2026-04-03,3,False,สีลม
C00990,ปวีณ,ชาย,25-34,B05,2026-01-11,3,False,มหาวิทยาลัย
C00991,อรุณ,หญิง,18-24,B01,2025-07-17,2,False,สยาม
C00992,รัตนา,ชาย,18-24,B05,2026-03-07,2,False,มหาวิทยาลัย
C00993,ธีร,ชาย,25-34,B01,2025-10-10,3,False,สยาม
C00994,อรุณ,ชาย,35-44,B05,2025-06-14,4,False,มหาวิทยาลัย
C00995,ธีร,หญิง,18-24,B05,2026-07-07,2,False,มหาวิทยาลัย
C00996,ธนา,ชาย,35-44,B03,2026-01-18,4,False,อารีย์
C00997,อัญชลี,ชาย,ต่ำกว่า 18,B04,2025-06-01,1,True,บางนา
C00998,ศิริ,หญิง,25-34,B01,2026-01-16,3,False,สยาม
C00999,รัตนา,หญิง,25-34,B02,2026-05-24,3,False,สีลม
C01000,รัตนา,หญิง,ต่ำกว่า 18,B02,2025-06-16,1,True,สีลม
C01001,ชนา,ชาย,45-54,B05,2026-03-09,5,False,มหาวิทยาลัย
C01002,ภูมิ,หญิง,25-34,B04,2026-04-20,3,False,บางนา
C01003,เกศ,ชาย,55+,B01,2026-05-04,6,False,สยาม
C01004,สุดา,ชาย,ต่ำกว่า 18,B03,2026-04-14,1,True,อารีย์
C01005,นภัส,ชาย,35-44,B01,2025-12-22,4,False,สยาม
C01006,ธนา,หญิง,55+,B05,2026-03-11,6,False,มหาวิทยาลัย
C01007,มานพ,ไม่ระบุ,25-34,B02,2025-05-09,3,False,สีลม
C01008,ปิยะ,หญิง,25-34,B05,2025-06-24,3,False,มหาวิทยาลัย
C01009,จิรา,ชาย,25-34,B03,2026-07-07,3,False,อารีย์
C01010,ชนา,หญิง,18-24,B04,2026-08-12,2,False,บางนา
C01011,สุดา,ชาย,35-44,B05,2025-07-18,4,False,มหาวิทยาลัย
C01012,มานพ,หญิง,35-44,B02,2026-09-02,4,False,สีลม
C01013,ศิริ,หญิง,45-54,B01,2025-07-25,5,False,สยาม
C01014,กมล,ชาย,35-44,B01,2026-03-15,4,False,สยาม
C01015,ศิริ,หญิง,18-24,B05,2025-11-19,2,False,มหาวิทยาลัย
C01016,อัญชลี,หญิง,18-24,B01,2025-10-13,2,False,สยาม
C01017,วรรณ,ชาย,25-34,B01,2026-06-29,3,False,สยาม
C01018,สุดา,หญิง,35-44,B01,2026-04-17,4,False,สยาม
C01019,จิรา,ชาย,18-24,B05,2025-09-06,2,False,มหาวิทยาลัย
C01020,นภัส,ชาย,35-44,B02,2025-09-23,4,False,สีลม
C01021,ภัทร,หญิง,25-34,B01,2026-04-14,3,False,สยาม
C01022,รัตนา,ชาย,25-34,B01,2026-03-16,3,False,สยาม
C01023,วีระ,หญิง,25-34,B05,2026-05-15,3,False,มหาวิทยาลัย
C01024,ณัฐ,หญิง,45-54,B04,2025-11-11,5,False,บางนา
C01025,ทิพย์,หญิง,55+,B02,2025-11-08,6,False,สีลม
C01026,สมชาย,หญิง,18-24,B01,2026-03-07,2,False,สยาม
C01027,อัญชลี,ชาย,45-54,B01,2025-07-24,5,False,สยาม
C01028,กิตติ,หญิง,55+,B02,2026-07-25,6,False,สีลม
C01029,ชนา,ไม่ระบุ,18-24,B05,2025-12-27,2,False,มหาวิทยาลัย
C01030,สมชาย,ชาย,18-24,B01,2025-08-15,2,False,สยาม
C01031,พิม,หญิง,18-24,B02,2026-02-05,2,False,สีลม
C01032,จิรา,ชาย,25-34,B03,2026-04-18,3,False,อารีย์
C01033,จิรา,หญิง,25-34,B03,2026-02-26,3,False,อารีย์
C01034,สุดา,ชาย,25-34,B02,2025-09-14,3,False,สีลม
C01035,อัญชลี,ชาย,18-24,B03,2026-04-16,2,False,อารีย์
C01036,ปิยะ,ชาย,18-24,B05,2026-07-24,2,False,มหาวิทยาลัย
C01037,ปิยะ,หญิง,ต่ำกว่า 18,B04,2025-04-03,1,True,บางนา
C01038,กมล,หญิง,35-44,B04,2026-08-19,4,False,บางนา
C01039,ชนา,ชาย,25-34,B05,2026-09-08,3,False,มหาวิทยาลัย
C01040,ภูมิ,หญิง,18-24,B01,2025-09-21,2,False,สยาม
C01041,ณัฐ,ชาย,25-34,B01,2026-01-03,3,False,สยาม
C01042,พิม,ชาย,18-24,B01,2026-04-25,2,False,สยาม
C01043,วีระ,ชาย,35-44,B01,2025-11-02,4,False,สยาม
C01044,ณัฐ,ชาย,25-34,B04,2025-08-07,3,False,บางนา
C01045,พิม,ชาย,25-34,B05,2026-06-20,3,False,มหาวิทยาลัย
C01046,ปิยะ,หญิง,25-34,B02,2025-12-24,3,False,สีลม
C01047,จิรา,ชาย,35-44,B05,2025-08-24,4,False,มหาวิทยาลัย
C01048,วีระ,หญิง,45-54,B05,2026-03-20,5,False,มหาวิทยาลัย
C01049,กมล,ชาย,25-34,B01,2025-07-05,3,False,สยาม
C01050,นภัส,ชาย,35-44,B01,2026-04-20,4,False,สยาม
C01051,รัตนา,หญิง,25-34,B01,2025-10-22,3,False,สยาม
C01052,วีระ,หญิง,18-24,B05,2026-08-12,2,False,มหาวิทยาลัย
C01053,จิรา,ชาย,18-24,B02,2025-08-29,2,False,สีลม
C01054,ภัทร,ชาย,35-44,B02,2025-12-24,4,False,สีลม
C01055,มานพ,หญิง,45-54,B01,2026-04-24,5,False,สยาม
C01056,อัญชลี,หญิง,25-34,B02,2025-11-21,3,False,สีลม
C01057,ธนา,ชาย,25-34,B02,2025-10-23,3,False,สีลม
C01058,ศิริ,ชาย,25-34,B01,2026-03-12,3,False,สยาม
C01059,กิตติ,หญิง,18-24,B03,2026-06-06,2,False,อารีย์
C01060,ศิริ,หญิง,45-54,B04,2025-11-16,5,False,บางนา
C01061,ธนา,ชาย,25-34,B05,2026-04-03,3,False,มหาวิทยาลัย
C01062,กมล,ชาย,35-44,B01,2026-08-09,4,False,สยาม
C01063,นภัส,ชาย,25-34,B02,2025-11-25,3,False,สีลม
C01064,พิม,ชาย,25-34,B02,2026-06-03,3,False,สีลม
C01065,ปวีณ,ชาย,35-44,B05,2025-09-04,4,False,มหาวิทยาลัย
C01066,อัญชลี,ชาย,55+,B01,2025-12-03,6,False,สยาม
C01067,ชนา,หญิง,35-44,B02,2026-05-29,4,False,สีลม
C01068,ธนา,หญิง,35-44,B03,2026-05-09,4,False,อารีย์
C01069,ณัฐ,หญิง,35-44,B01,2025-06-14,4,False,สยาม
C01070,เกศ,ชาย,25-34,B05,2025-07-05,3,False,มหาวิทยาลัย
C01071,พิม,หญิง,45-54,B02,2025-04-06,5,False,สีลม
C01072,ภัทร,ชาย,18-24,B03,2026-05-14,2,False,อารีย์
C01073,ปิยะ,หญิง,25-34,B02,2025-04-05,3,False,สีลม
C01074,กมล,ชาย,45-54,B01,2026-08-07,5,False,สยาม
C01075,เกศ,หญิง,18-24,B04,2026-08-30,2,False,บางนา
C01076,กิตติ,หญิง,18-24,B04,2026-05-16,2,False,บางนา
C01077,ทิพย์,หญิง,25-34,B05,2025-05-30,3,False,มหาวิทยาลัย
C01078,ศิริ,หญิง,45-54,B02,2026-01-29,5,False,สีลม
C01079,ภูมิ,หญิง,25-34,B04,2026-07-16,3,False,บางนา
C01080,มานพ,หญิง,25-34,B04,2026-08-15,3,False,บางนา
C01081,วรรณ,ไม่ระบุ,18-24,B04,2025-09-07,2,False,บางนา
C01082,กิตติ,หญิง,55+,B05,2026-02-27,6,False,มหาวิทยาลัย
C01083,ทิพย์,หญิง,35-44,B01,2025-09-22,4,False,สยาม
C01084,จิรา,หญิง,25-34,B04,2026-06-01,3,False,บางนา
C01085,ทิพย์,หญิง,35-44,B01,2026-01-12,4,False,สยาม
C01086,วรรณ,ชาย,25-34,B03,2026-08-22,3,False,อารีย์
C01087,นภัส,หญิง,35-44,B01,2025-12-25,4,False,สยาม
C01088,วรรณ,หญิง,25-34,B02,2025-07-21,3,False,สีลม
C01089,ปิยะ,หญิง,45-54,B03,2026-04-06,5,False,อารีย์
C01090,กิตติ,ชาย,18-24,B02,2026-05-07,2,False,สีลม
C01091,ธีร,ชาย,18-24,B01,2025-04-29,2,False,สยาม
C01092,ณัฐ,หญิง,45-54,B02,2026-02-16,5,False,สีลม
C01093,มานพ,หญิง,25-34,B05,2026-02-18,3,False,มหาวิทยาลัย
C01094,วรรณ,หญิง,18-24,B01,2026-07-21,2,False,สยาม
C01095,ภัทร,หญิง,18-24,B04,2025-11-13,2,False,บางนา
C01096,ปวีณ,หญิง,35-44,B02,2026-07-12,4,False,สีลม
C01097,จิรา,ชาย,45-54,B01,2026-04-06,5,False,สยาม
C01098,อรุณ,หญิง,35-44,B03,2026-08-12,4,False,อารีย์
C01099,กมล,ชาย,35-44,B01,2025-10-27,4,False,สยาม
C01100,วีระ,หญิง,45-54,B05,2025-04-02,5,False,มหาวิทยาลัย
C01101,มานพ,หญิง,ต่ำกว่า 18,B01,2025-04-15,1,True,สยาม
C01102,วีระ,ชาย,25-34,B03,2025-12-23,3,False,อารีย์
C01103,นภัส,หญิง,35-44,B02,2026-05-22,4,False,สีลม
C01104,มานพ,ชาย,45-54,B04,2026-05-09,5,False,บางนา
C01105,ปิยะ,ชาย,35-44,B01,2026-08-02,4,False,สยาม
C01106,ธนา,ชาย,25-34,B05,2025-05-16,3,False,มหาวิทยาลัย
C01107,มานพ,หญิง,35-44,B01,2026-07-05,4,False,สยาม
C01108,อรุณ,หญิง,35-44,B04,2026-06-14,4,False,บางนา
C01109,นภัส,ชาย,18-24,B02,2026-07-02,2,False,สีลม
C01110,เกศ,หญิง,18-24,B03,2025-11-06,2,False,อารีย์
C01111,ณัฐ,ชาย,25-34,B05,2026-06-22,3,False,มหาวิทยาลัย
C01112,ปิยะ,ชาย,45-54,B01,2025-12-14,5,False,สยาม
C01113,จิรา,หญิง,25-34,B01,2026-07-04,3,False,สยาม
C01114,ศิริ,ชาย,25-34,B05,2026-06-04,3,False,มหาวิทยาลัย
C01115,ภูมิ,ชาย,25-34,B01,2026-07-04,3,False,สยาม
C01116,วรรณ,หญิง,35-44,B04,2026-07-11,4,False,บางนา
C01117,ปิยะ,หญิง,18-24,B03,2026-01-13,2,False,อารีย์
C01118,กิตติ,หญิง,18-24,B04,2025-10-28,2,False,บางนา
C01119,ชนา,หญิง,45-54,B01,2026-07-25,5,False,สยาม
C01120,ธีร,ชาย,18-24,B05,2026-09-07,2,False,มหาวิทยาลัย
C01121,เกศ,ชาย,55+,B05,2025-12-07,6,False,มหาวิทยาลัย
C01122,วีระ,หญิง,18-24,B02,2026-02-14,2,False,สีลม
C01123,ธนา,ชาย,18-24,B01,2025-11-17,2,False,สยาม
C01124,สุดา,หญิง,25-34,B01,2026-08-09,3,False,สยาม
C01125,ภัทร,หญิง,18-24,B01,2025-11-18,2,False,สยาม
C01126,ปิยะ,หญิง,35-44,B01,2025-10-16,4,False,สยาม
C01127,ปวีณ,หญิง,35-44,B05,2025-09-15,4,False,มหาวิทยาลัย
C01128,ปิยะ,ชาย,18-24,B04,2025-10-30,2,False,บางนา
C01129,กมล,ชาย,18-24,B03,2026-08-10,2,False,อารีย์
C01130,วีระ,หญิง,35-44,B02,2025-09-07,4,False,สีลม
C01131,สุดา,ชาย,45-54,B01,2026-08-21,5,False,สยาม
C01132,อรุณ,ชาย,25-34,B04,2026-04-03,3,False,บางนา
C01133,วีระ,ชาย,35-44,B02,2025-12-18,4,False,สีลม
C01134,พิม,ชาย,25-34,B02,2025-05-18,3,False,สีลม
C01135,อัญชลี,ไม่ระบุ,18-24,B02,2026-04-10,2,False,สีลม
C01136,ปวีณ,หญิง,ต่ำกว่า 18,B04,2025-11-10,1,True,บางนา
C01137,จิรา,ชาย,35-44,B02,2025-10-03,4,False,สีลม
C01138,นภัส,ชาย,45-54,B02,2026-06-23,5,False,สีลม
C01139,กมล,หญิง,25-34,B02,2025-10-01,3,False,สีลม
C01140,กมล,หญิง,25-34,B01,2025-08-28,3,False,สยาม
C01141,ธีร,หญิง,25-34,B05,2025-12-31,3,False,มหาวิทยาลัย
C01142,นภัส,ชาย,18-24,B04,2025-11-06,2,False,บางนา
C01143,ธนา,ชาย,25-34,B05,2026-01-08,3,False,มหาวิทยาลัย
C01144,วรรณ,หญิง,25-34,B01,2025-11-03,3,False,สยาม
C01145,อรุณ,ชาย,18-24,B03,2025-11-24,2,False,อารีย์
C01146,ณัฐ,ชาย,25-34,B01,2025-06-03,3,False,สยาม
C01147,ชนา,หญิง,25-34,B01,2026-05-25,3,False,สยาม
C01148,ปวีณ,หญิง,ต่ำกว่า 18,B01,2025-08-06,1,True,สยาม
C01149,ปิยะ,หญิง,55+,B02,2025-06-18,6,False,สีลม
C01150,ชนา,ชาย,25-34,B05,2026-09-03,3,False,มหาวิทยาลัย
C01151,สุดา,หญิง,25-34,B04,2025-05-25,3,False,บางนา
C01152,พิม,ชาย,25-34,B02,2025-10-11,3,False,สีลม
C01153,ชนา,ชาย,18-24,B03,2026-05-01,2,False,อารีย์
C01154,ปวีณ,ไม่ระบุ,25-34,B05,2025-07-01,3,False,มหาวิทยาลัย
C01155,ณัฐ,ชาย,25-34,B01,2026-06-12,3,False,สยาม
C01156,อรุณ,หญิง,25-34,B02,2025-06-30,3,False,สีลม
C01157,ทิพย์,หญิง,25-34,B05,2026-05-27,3,False,มหาวิทยาลัย
C01158,รัตนา,ชาย,25-34,B02,2026-03-04,3,False,สีลม
C01159,ทิพย์,หญิง,25-34,B02,2025-09-08,3,False,สีลม
C01160,อัญชลี,หญิง,45-54,B01,2025-11-13,5,False,สยาม
C01161,กมล,หญิง,25-34,B03,2026-01-16,3,False,อารีย์
C01162,จิรา,หญิง,35-44,B04,2025-04-18,4,False,บางนา
C01163,อัญชลี,หญิง,25-34,B01,2025-04-08,3,False,สยาม
C01164,สมชาย,หญิง,25-34,B01,2026-03-24,3,False,สยาม
C01165,ณัฐ,หญิง,35-44,B05,2026-04-16,4,False,มหาวิทยาลัย
C01166,สุดา,ชาย,25-34,B04,2026-02-27,3,False,บางนา
C01167,ทิพย์,หญิง,45-54,B01,2026-08-05,5,False,สยาม
C01168,จิรา,ชาย,35-44,B05,2026-08-04,4,False,มหาวิทยาลัย
C01169,ปิยะ,หญิง,45-54,B02,2026-04-09,5,False,สีลม
C01170,รัตนา,ชาย,35-44,B02,2025-09-22,4,False,สีลม
C01171,ณัฐ,หญิง,35-44,B04,2025-04-07,4,False,บางนา
C01172,อรุณ,ชาย,25-34,B05,2026-03-31,3,False,มหาวิทยาลัย
C01173,รัตนา,ชาย,35-44,B03,2026-04-29,4,False,อารีย์
C01174,รัตนา,หญิง,45-54,B04,2025-04-26,5,False,บางนา
C01175,มานพ,ชาย,25-34,B03,2026-03-09,3,False,อารีย์
C01176,ณัฐ,หญิง,18-24,B03,2026-04-25,2,False,อารีย์
C01177,ภูมิ,ชาย,ต่ำกว่า 18,B05,2025-10-02,1,True,มหาวิทยาลัย
C01178,พิม,หญิง,18-24,B01,2026-06-24,2,False,สยาม
C01179,ปวีณ,หญิง,25-34,B05,2025-07-18,3,False,มหาวิทยาลัย
C01180,รัตนา,หญิง,18-24,B02,2025-06-08,2,False,สีลม
C01181,พิม,หญิง,18-24,B05,2025-10-31,2,False,มหาวิทยาลัย
C01182,ชนา,ชาย,25-34,B05,2026-08-30,3,False,มหาวิทยาลัย
C01183,อรุณ,หญิง,18-24,B04,2025-04-12,2,False,บางนา
C01184,ธนา,หญิง,25-34,B01,2025-12-26,3,False,สยาม
C01185,ภูมิ,ชาย,45-54,B05,2025-08-11,5,False,มหาวิทยาลัย
C01186,ภัทร,หญิง,18-24,B03,2025-12-10,2,False,อารีย์
C01187,รัตนา,ไม่ระบุ,ต่ำกว่า 18,B01,2026-01-25,1,True,สยาม
C01188,ณัฐ,ชาย,35-44,B01,2026-01-20,4,False,สยาม
C01189,มานพ,ชาย,ต่ำกว่า 18,B05,2025-11-18,1,True,มหาวิทยาลัย
C01190,ชนา,หญิง,35-44,B05,2025-08-01,4,False,มหาวิทยาลัย
C01191,พิม,หญิง,25-34,B01,2025-09-19,3,False,สยาม
C01192,ทิพย์,หญิง,18-24,B05,2026-04-05,2,False,มหาวิทยาลัย
C01193,เกศ,ชาย,35-44,B01,2026-04-06,4,False,สยาม
C01194,อัญชลี,หญิง,35-44,B05,2025-08-05,4,False,มหาวิทยาลัย
C01195,ปวีณ,หญิง,25-34,B02,2026-02-04,3,False,สีลม
C01196,อัญชลี,ชาย,55+,B05,2026-08-26,6,False,มหาวิทยาลัย
C01197,รัตนา,หญิง,18-24,B01,2025-04-28,2,False,สยาม
C01198,ปิยะ,หญิง,35-44,B05,2026-05-18,4,False,มหาวิทยาลัย
C01199,วีระ,หญิง,35-44,B04,2026-05-11,4,False,บางนา
C01200,อัญชลี,หญิง,18-24,B02,2026-07-01,2,False,สีลม
C01201,วรรณ,หญิง,35-44,B03,2026-02-12,4,False,อารีย์
C01202,มานพ,หญิง,25-34,B05,2026-01-22,3,False,มหาวิทยาลัย
C01203,ณัฐ,ไม่ระบุ,18-24,B02,2025-10-20,2,False,สีลม
C01204,อัญชลี,ชาย,45-54,B05,2026-08-01,5,False,มหาวิทยาลัย
C01205,สุดา,หญิง,25-34,B04,2025-05-11,3,False,บางนา
C01206,วรรณ,ชาย,25-34,B01,2025-06-10,3,False,สยาม
C01207,อัญชลี,หญิง,35-44,B03,2025-12-23,4,False,อารีย์
C01208,นภัส,ชาย,25-34,B04,2025-07-29,3,False,บางนา
C01209,จิรา,หญิง,35-44,B03,2025-11-27,4,False,อารีย์
C01210,พิม,ชาย,45-54,B05,2025-08-26,5,False,มหาวิทยาลัย
C01211,วรรณ,ชาย,45-54,B02,2025-11-14,5,False,สีลม
C01212,ณัฐ,ไม่ระบุ,18-24,B04,2026-04-02,2,False,บางนา
C01213,ธนา,หญิง,25-34,B05,2026-01-29,3,False,มหาวิทยาลัย
C01214,ธีร,หญิง,25-34,B01,2025-07-30,3,False,สยาม
C01215,นภัส,หญิง,25-34,B01,2026-01-30,3,False,สยาม
C01216,อัญชลี,หญิง,18-24,B03,2026-03-07,2,False,อารีย์
C01217,พิม,หญิง,18-24,B05,2026-08-09,2,False,มหาวิทยาลัย
C01218,จิรา,หญิง,35-44,B01,2026-03-04,4,False,สยาม
C01219,สมชาย,ชาย,35-44,B05,2025-10-21,4,False,มหาวิทยาลัย
C01220,ภัทร,หญิง,18-24,B04,2025-05-21,2,False,บางนา
C01221,ปวีณ,หญิง,35-44,B04,2026-01-15,4,False,บางนา
C01222,ปวีณ,ชาย,25-34,B05,2025-09-15,3,False,มหาวิทยาลัย
C01223,วรรณ,ชาย,45-54,B05,2026-06-21,5,False,มหาวิทยาลัย
C01224,ปวีณ,หญิง,25-34,B01,2026-02-05,3,False,สยาม
C01225,อัญชลี,หญิง,18-24,B05,2026-03-26,2,False,มหาวิทยาลัย
C01226,อรุณ,ชาย,ต่ำกว่า 18,B04,2026-04-01,1,True,บางนา
C01227,ปิยะ,ชาย,18-24,B05,2026-03-21,2,False,มหาวิทยาลัย
C01228,กิตติ,หญิง,ต่ำกว่า 18,B01,2025-06-11,1,True,สยาม
C01229,นภัส,ชาย,25-34,B05,2025-08-22,3,False,มหาวิทยาลัย
C01230,ชนา,หญิง,18-24,B01,2026-04-02,2,False,สยาม
C01231,รัตนา,ชาย,25-34,B01,2025-08-18,3,False,สยาม
C01232,รัตนา,ชาย,18-24,B05,2025-12-15,2,False,มหาวิทยาลัย
C01233,ปวีณ,หญิง,25-34,B01,2025-08-22,3,False,สยาม
C01234,จิรา,ชาย,35-44,B03,2026-07-10,4,False,อารีย์
C01235,พิม,หญิง,25-34,B05,2025-06-17,3,False,มหาวิทยาลัย
C01236,ธนา,หญิง,18-24,B02,2026-03-06,2,False,สีลม
C01237,สุดา,หญิง,35-44,B02,2025-12-24,4,False,สีลม
C01238,พิม,หญิง,35-44,B02,2026-04-25,4,False,สีลม
C01239,เกศ,หญิง,25-34,B03,2026-08-26,3,False,อารีย์
C01240,ศิริ,ชาย,35-44,B04,2025-05-05,4,False,บางนา
C01241,วีระ,ชาย,55+,B01,2026-08-11,6,False,สยาม
C01242,ปิยะ,ชาย,35-44,B02,2026-03-09,4,False,สีลม
C01243,วรรณ,ชาย,35-44,B02,2026-07-25,4,False,สีลม
C01244,มานพ,หญิง,55+,B05,2025-07-09,6,False,มหาวิทยาลัย
C01245,ทิพย์,ชาย,25-34,B05,2026-08-28,3,False,มหาวิทยาลัย
C01246,ศิริ,ชาย,55+,B05,2026-05-10,6,False,มหาวิทยาลัย
C01247,สมชาย,หญิง,18-24,B02,2026-08-18,2,False,สีลม
C01248,กิตติ,หญิง,25-34,B05,2025-05-28,3,False,มหาวิทยาลัย
C01249,ปวีณ,หญิง,25-34,B02,2026-07-20,3,False,สีลม
C01250,มานพ,ชาย,25-34,B05,2026-03-30,3,False,มหาวิทยาลัย
C01251,อัญชลี,ชาย,ต่ำกว่า 18,B02,2025-07-12,1,True,สีลม
C01252,กมล,หญิง,55+,B03,2026-09-10,6,False,อารีย์
C01253,ศิริ,ชาย,18-24,B01,2025-12-09,2,False,สยาม
C01254,ธนา,ชาย,18-24,B01,2025-06-03,2,False,สยาม
C01255,นภัส,หญิง,35-44,B04,2025-05-01,4,False,บางนา
C01256,พิม,ชาย,45-54,B03,2025-11-06,5,False,อารีย์
C01257,ทิพย์,หญิง,25-34,B02,2026-05-03,3,False,สีลม
C01258,มานพ,หญิง,25-34,B04,2026-04-26,3,False,บางนา
C01259,รัตนา,หญิง,35-44,B05,2026-09-04,4,False,มหาวิทยาลัย
C01260,ธีร,หญิง,45-54,B04,2025-06-23,5,False,บางนา
C01261,สมชาย,ไม่ระบุ,18-24,B01,2025-04-09,2,False,สยาม
C01262,วีระ,ชาย,35-44,B03,2026-02-20,4,False,อารีย์
C01263,กิตติ,หญิง,25-34,B02,2025-07-20,3,False,สีลม
C01264,ปิยะ,หญิง,45-54,B05,2025-09-09,5,False,มหาวิทยาลัย
C01265,สุดา,หญิง,25-34,B01,2025-06-25,3,False,สยาม
C01266,พิม,หญิง,18-24,B03,2025-11-01,2,False,อารีย์
C01267,เกศ,ชาย,55+,B03,2026-02-04,6,False,อารีย์
C01268,สมชาย,หญิง,55+,B03,2026-07-21,6,False,อารีย์
C01269,วีระ,ชาย,18-24,B04,2025-05-21,2,False,บางนา
C01270,ธนา,หญิง,18-24,B01,2026-06-09,2,False,สยาม
C01271,รัตนา,ชาย,18-24,B04,2026-05-11,2,False,บางนา
C01272,ชนา,หญิง,25-34,B02,2026-03-10,3,False,สีลม
C01273,วรรณ,หญิง,18-24,B05,2025-10-28,2,False,มหาวิทยาลัย
C01274,กมล,หญิง,45-54,B04,2025-08-24,5,False,บางนา
C01275,นภัส,ชาย,25-34,B05,2025-08-01,3,False,มหาวิทยาลัย
C01276,วรรณ,ชาย,35-44,B02,2026-07-07,4,False,สีลม
C01277,ภูมิ,หญิง,25-34,B01,2026-04-12,3,False,สยาม
C01278,ภัทร,หญิง,55+,B04,2025-11-09,6,False,บางนา
C01279,สมชาย,หญิง,45-54,B01,2026-05-08,5,False,สยาม
C01280,วีระ,ชาย,35-44,B02,2025-10-31,4,False,สีลม
C01281,สมชาย,ชาย,ต่ำกว่า 18,B05,2025-08-31,1,True,มหาวิทยาลัย
C01282,วีระ,ชาย,25-34,B01,2026-06-05,3,False,สยาม
C01283,ปวีณ,ชาย,35-44,B03,2026-08-22,4,False,อารีย์
C01284,ภูมิ,หญิง,25-34,B01,2025-09-07,3,False,สยาม
C01285,เกศ,ชาย,18-24,B03,2026-02-20,2,False,อารีย์
C01286,อัญชลี,หญิง,18-24,B01,2025-12-11,2,False,สยาม
C01287,ธนา,ชาย,35-44,B05,2026-07-25,4,False,มหาวิทยาลัย
C01288,ธนา,หญิง,ต่ำกว่า 18,B04,2026-08-15,1,True,บางนา
C01289,กิตติ,ชาย,25-34,B03,2026-04-26,3,False,อารีย์
C01290,เกศ,หญิง,25-34,B04,2025-07-13,3,False,บางนา
C01291,ปวีณ,หญิง,18-24,B05,2025-10-23,2,False,มหาวิทยาลัย
C01292,ทิพย์,หญิง,35-44,B01,2025-04-01,4,False,สยาม
C01293,จิรา,หญิง,35-44,B03,2026-03-27,4,False,อารีย์
C01294,วีระ,หญิง,45-54,B01,2026-06-05,5,False,สยาม
C01295,กมล,ชาย,35-44,B01,2025-12-03,4,False,สยาม
C01296,วรรณ,ชาย,45-54,B04,2025-05-23,5,False,บางนา
C01297,สมชาย,หญิง,35-44,B01,2025-04-21,4,False,สยาม
C01298,มานพ,ชาย,18-24,B01,2025-07-05,2,False,สยาม
C01299,ปวีณ,ชาย,25-34,B05,2025-06-28,3,False,มหาวิทยาลัย
C01300,ภัทร,ชาย,35-44,B02,2025-09-02,4,False,สีลม
C01301,ปิยะ,ชาย,35-44,B02,2026-06-04,4,False,สีลม
C01302,สมชาย,ชาย,18-24,B05,2025-05-04,2,False,มหาวิทยาลัย
C01303,มานพ,ชาย,35-44,B05,2026-09-11,4,False,มหาวิทยาลัย
C01304,กมล,ชาย,55+,B01,2026-01-20,6,False,สยาม
C01305,พิม,ไม่ระบุ,25-34,B04,2026-07-12,3,False,บางนา
C01306,ศิริ,ชาย,35-44,B03,2026-08-05,4,False,อารีย์
C01307,ธนา,หญิง,18-24,B05,2025-09-04,2,False,มหาวิทยาลัย
C01308,ภัทร,หญิง,18-24,B05,2025-08-08,2,False,มหาวิทยาลัย
C01309,ปิยะ,ชาย,35-44,B03,2026-05-18,4,False,อารีย์
C01310,ภูมิ,หญิง,18-24,B05,2025-11-28,2,False,มหาวิทยาลัย
C01311,ศิริ,ชาย,25-34,B02,2025-07-14,3,False,สีลม
C01312,ธีร,ไม่ระบุ,18-24,B02,2026-09-09,2,False,สีลม
C01313,ชนา,ชาย,25-34,B02,2025-04-19,3,False,สีลม
C01314,ธนา,หญิง,25-34,B01,2026-09-03,3,False,สยาม
C01315,จิรา,ชาย,25-34,B03,2026-01-26,3,False,อารีย์
C01316,ภัทร,ชาย,25-34,B04,2025-05-26,3,False,บางนา
C01317,ภูมิ,หญิง,25-34,B01,2025-11-06,3,False,สยาม
C01318,ศิริ,ชาย,18-24,B05,2026-04-17,2,False,มหาวิทยาลัย
C01319,นภัส,ชาย,45-54,B01,2025-07-27,5,False,สยาม
C01320,รัตนา,ชาย,25-34,B01,2026-07-22,3,False,สยาม
C01321,รัตนา,หญิง,18-24,B01,2025-09-11,2,False,สยาม
C01322,ธนา,ชาย,25-34,B05,2026-02-19,3,False,มหาวิทยาลัย
C01323,จิรา,หญิง,35-44,B04,2026-01-11,4,False,บางนา
C01324,วีระ,ชาย,25-34,B01,2026-08-07,3,False,สยาม
C01325,กมล,ชาย,35-44,B03,2026-05-06,4,False,อารีย์
C01326,กมล,หญิง,18-24,B03,2026-09-08,2,False,อารีย์
C01327,วรรณ,หญิง,55+,B05,2026-07-12,6,False,มหาวิทยาลัย
C01328,กิตติ,ไม่ระบุ,18-24,B01,2026-07-19,2,False,สยาม
C01329,จิรา,ชาย,25-34,B03,2025-12-16,3,False,อารีย์
C01330,พิม,หญิง,35-44,B03,2026-08-17,4,False,อารีย์
C01331,นภัส,ชาย,25-34,B02,2025-10-16,3,False,สีลม
C01332,ชนา,ชาย,25-34,B03,2026-06-25,3,False,อารีย์
C01333,จิรา,ชาย,45-54,B05,2026-01-08,5,False,มหาวิทยาลัย
C01334,จิรา,ชาย,18-24,B04,2025-10-21,2,False,บางนา
C01335,เกศ,หญิง,35-44,B03,2025-11-24,4,False,อารีย์
C01336,ภูมิ,ชาย,18-24,B01,2025-05-14,2,False,สยาม
C01337,ชนา,หญิง,18-24,B01,2025-07-09,2,False,สยาม
C01338,จิรา,หญิง,18-24,B03,2026-04-21,2,False,อารีย์
C01339,เกศ,หญิง,35-44,B03,2025-12-28,4,False,อารีย์
C01340,ภัทร,หญิง,18-24,B05,2025-12-27,2,False,มหาวิทยาลัย
C01341,ธีร,หญิง,25-34,B04,2026-01-19,3,False,บางนา
C01342,มานพ,หญิง,35-44,B02,2025-07-27,4,False,สีลม
C01343,ภูมิ,หญิง,25-34,B05,2026-04-16,3,False,มหาวิทยาลัย
C01344,กิตติ,หญิง,18-24,B02,2026-05-02,2,False,สีลม
C01345,ปวีณ,ชาย,18-24,B02,2025-11-12,2,False,สีลม
C01346,กมล,หญิง,25-34,B01,2026-08-05,3,False,สยาม
C01347,ภัทร,หญิง,55+,B02,2025-11-21,6,False,สีลม
C01348,อัญชลี,หญิง,18-24,B01,2025-12-14,2,False,สยาม
C01349,ธนา,หญิง,25-34,B05,2025-10-30,3,False,มหาวิทยาลัย
C01350,อรุณ,หญิง,18-24,B02,2026-07-11,2,False,สีลม
C01351,อรุณ,หญิง,18-24,B02,2026-06-26,2,False,สีลม
C01352,ทิพย์,หญิง,25-34,B03,2026-05-24,3,False,อารีย์
C01353,ภูมิ,หญิง,25-34,B01,2026-02-02,3,False,สยาม
C01354,ทิพย์,หญิง,18-24,B03,2026-09-13,2,False,อารีย์
C01355,นภัส,หญิง,45-54,B05,2026-01-22,5,False,มหาวิทยาลัย
C01356,วรรณ,ชาย,45-54,B03,2026-05-12,5,False,อารีย์
C01357,ทิพย์,หญิง,18-24,B02,2026-08-03,2,False,สีลม
C01358,สมชาย,หญิง,35-44,B01,2026-06-14,4,False,สยาม
C01359,กิตติ,ชาย,18-24,B01,2026-08-05,2,False,สยาม
C01360,ปวีณ,ชาย,25-34,B01,2025-09-29,3,False,สยาม
C01361,กมล,ชาย,35-44,B02,2025-10-13,4,False,สีลม
C01362,วรรณ,ชาย,25-34,B02,2025-06-10,3,False,สีลม
C01363,นภัส,หญิง,35-44,B04,2026-03-05,4,False,บางนา
C01364,ศิริ,ชาย,25-34,B05,2025-10-23,3,False,มหาวิทยาลัย
C01365,ภัทร,ชาย,45-54,B02,2025-07-10,5,False,สีลม
C01366,กิตติ,ชาย,18-24,B03,2026-06-05,2,False,อารีย์
C01367,รัตนา,หญิง,45-54,B01,2025-04-21,5,False,สยาม
C01368,อัญชลี,หญิง,35-44,B05,2025-11-24,4,False,มหาวิทยาลัย
C01369,นภัส,ชาย,35-44,B02,2025-09-29,4,False,สีลม
C01370,อรุณ,หญิง,35-44,B01,2026-03-11,4,False,สยาม
C01371,ภัทร,ชาย,35-44,B01,2025-09-19,4,False,สยาม
C01372,อัญชลี,ชาย,ต่ำกว่า 18,B04,2025-12-24,1,True,บางนา
C01373,ภูมิ,หญิง,18-24,B03,2026-08-11,2,False,อารีย์
C01374,อัญชลี,ชาย,25-34,B02,2026-09-11,3,False,สีลม
C01375,อัญชลี,หญิง,18-24,B03,2026-08-20,2,False,อารีย์
C01376,นภัส,ชาย,25-34,B01,2025-06-17,3,False,สยาม
C01377,ทิพย์,ชาย,18-24,B05,2025-12-27,2,False,มหาวิทยาลัย
C01378,ชนา,ชาย,25-34,B01,2025-06-10,3,False,สยาม
C01379,สุดา,หญิง,25-34,B02,2025-05-27,3,False,สีลม
C01380,จิรา,หญิง,35-44,B05,2025-05-13,4,False,มหาวิทยาลัย
C01381,วรรณ,หญิง,18-24,B01,2026-06-18,2,False,สยาม
C01382,ปวีณ,ชาย,18-24,B05,2025-10-27,2,False,มหาวิทยาลัย
C01383,ปิยะ,ชาย,18-24,B05,2025-04-02,2,False,มหาวิทยาลัย
C01384,ภูมิ,หญิง,45-54,B02,2026-04-27,5,False,สีลม
C01385,ณัฐ,หญิง,35-44,B02,2026-06-03,4,False,สีลม
C01386,เกศ,ชาย,45-54,B01,2026-05-25,5,False,สยาม
C01387,ภัทร,หญิง,18-24,B02,2026-07-19,2,False,สีลม
C01388,อรุณ,ชาย,18-24,B02,2025-12-27,2,False,สีลม
C01389,ภูมิ,ชาย,35-44,B02,2026-05-22,4,False,สีลม
C01390,ปวีณ,ชาย,18-24,B01,2025-07-07,2,False,สยาม
C01391,ธีร,หญิง,25-34,B05,2025-12-23,3,False,มหาวิทยาลัย
C01392,สมชาย,ชาย,25-34,B04,2025-05-01,3,False,บางนา
C01393,วีระ,หญิง,25-34,B01,2026-05-13,3,False,สยาม
C01394,ศิริ,หญิง,18-24,B04,2025-10-07,2,False,บางนา
C01395,จิรา,ชาย,55+,B01,2025-06-24,6,False,สยาม
C01396,นภัส,ชาย,25-34,B01,2026-01-16,3,False,สยาม
C01397,รัตนา,หญิง,45-54,B04,2026-03-31,5,False,บางนา
C01398,มานพ,ชาย,25-34,B04,2025-07-08,3,False,บางนา
C01399,สมชาย,ชาย,18-24,B02,2026-02-07,2,False,สีลม
C01400,ณัฐ,ชาย,55+,B03,2026-03-19,6,False,อารีย์
C01401,ภัทร,ชาย,35-44,B05,2026-03-07,4,False,มหาวิทยาลัย
C01402,ภูมิ,ชาย,45-54,B03,2026-03-15,5,False,อารีย์
C01403,เกศ,ชาย,35-44,B05,2026-07-27,4,False,มหาวิทยาลัย
C01404,ณัฐ,หญิง,ต่ำกว่า 18,B01,2026-02-16,1,True,สยาม
C01405,ภัทร,หญิง,55+,B04,2025-05-19,6,False,บางนา
C01406,ปิยะ,หญิง,18-24,B02,2026-03-20,2,False,สีลม
C01407,กิตติ,หญิง,18-24,B02,2025-05-01,2,False,สีลม
C01408,อัญชลี,หญิง,25-34,B04,2025-12-01,3,False,บางนา
C01409,ภูมิ,หญิง,25-34,B05,2026-07-25,3,False,มหาวิทยาลัย
C01410,ธีร,หญิง,25-34,B02,2025-09-01,3,False,สีลม
C01411,วรรณ,หญิง,25-34,B01,2025-11-18,3,False,สยาม
C01412,ทิพย์,ชาย,35-44,B05,2025-11-09,4,False,มหาวิทยาลัย
C01413,รัตนา,หญิง,55+,B01,2026-07-19,6,False,สยาม
C01414,อัญชลี,หญิง,35-44,B02,2026-01-28,4,False,สีลม
C01415,ปิยะ,ชาย,45-54,B02,2026-07-12,5,False,สีลม
C01416,ภูมิ,หญิง,55+,B01,2025-10-30,6,False,สยาม
C01417,สมชาย,หญิง,25-34,B01,2025-04-19,3,False,สยาม
C01418,ภัทร,หญิง,18-24,B01,2026-04-03,2,False,สยาม
C01419,ปิยะ,ชาย,18-24,B01,2025-05-12,2,False,สยาม
C01420,สุดา,หญิง,18-24,B01,2025-11-15,2,False,สยาม
C01421,สุดา,หญิง,35-44,B04,2025-10-29,4,False,บางนา
C01422,นภัส,หญิง,45-54,B03,2026-01-15,5,False,อารีย์
C01423,ปิยะ,ชาย,35-44,B01,2025-05-17,4,False,สยาม
C01424,วรรณ,ชาย,25-34,B05,2026-02-17,3,False,มหาวิทยาลัย
C01425,ธนา,หญิง,45-54,B05,2026-03-17,5,False,มหาวิทยาลัย
C01426,ธีร,ไม่ระบุ,35-44,B05,2025-11-02,4,False,มหาวิทยาลัย
C01427,ปิยะ,ชาย,25-34,B02,2026-07-21,3,False,สีลม
C01428,ธีร,ชาย,35-44,B02,2026-08-30,4,False,สีลม
C01429,นภัส,ชาย,35-44,B04,2026-09-11,4,False,บางนา
C01430,ภัทร,ชาย,45-54,B04,2025-04-23,5,False,บางนา
C01431,สุดา,หญิง,35-44,B04,2026-07-23,4,False,บางนา
C01432,วรรณ,ชาย,25-34,B02,2025-04-05,3,False,สีลม
C01433,อัญชลี,ชาย,55+,B05,2025-11-11,6,False,มหาวิทยาลัย
C01434,วีระ,หญิง,25-34,B04,2026-02-07,3,False,บางนา
C01435,นภัส,หญิง,ต่ำกว่า 18,B04,2025-09-23,1,True,บางนา
C01436,สุดา,หญิง,35-44,B02,2025-12-22,4,False,สีลม
C01437,เกศ,หญิง,25-34,B01,2026-03-10,3,False,สยาม
C01438,ธนา,หญิง,25-34,B04,2025-09-17,3,False,บางนา
C01439,กมล,หญิง,35-44,B01,2026-07-29,4,False,สยาม
C01440,วรรณ,หญิง,25-34,B02,2025-09-25,3,False,สีลม
C01441,อรุณ,หญิง,25-34,B01,2026-01-25,3,False,สยาม
C01442,ปวีณ,หญิง,18-24,B01,2025-05-22,2,False,สยาม
C01443,มานพ,หญิง,25-34,B05,2026-04-25,3,False,มหาวิทยาลัย
C01444,ภัทร,ชาย,25-34,B05,2025-10-31,3,False,มหาวิทยาลัย
C01445,นภัส,ชาย,ต่ำกว่า 18,B01,2026-07-10,1,True,สยาม
C01446,มานพ,ชาย,25-34,B01,2025-11-18,3,False,สยาม
C01447,ปวีณ,ไม่ระบุ,35-44,B02,2025-07-24,4,False,สีลม
C01448,ธีร,หญิง,45-54,B01,2026-04-02,5,False,สยาม
C01449,ปิยะ,ชาย,35-44,B02,2025-06-13,4,False,สีลม
C01450,อรุณ,ชาย,35-44,B01,2026-09-13,4,False,สยาม
C01451,สุดา,หญิง,25-34,B02,2026-04-28,3,False,สีลม
C01452,ธนา,ชาย,18-24,B01,2025-05-16,2,False,สยาม
C01453,อัญชลี,หญิง,25-34,B05,2026-06-18,3,False,มหาวิทยาลัย
C01454,พิม,หญิง,25-34,B01,2025-09-01,3,False,สยาม
C01455,กมล,หญิง,35-44,B02,2026-09-14,4,False,สีลม
C01456,กมล,ชาย,25-34,B03,2025-11-19,3,False,อารีย์
C01457,อรุณ,หญิง,35-44,B03,2026-05-02,4,False,อารีย์
C01458,นภัส,ชาย,35-44,B03,2026-03-19,4,False,อารีย์
C01459,กมล,หญิง,25-34,B02,2025-08-04,3,False,สีลม
C01460,จิรา,หญิง,18-24,B02,2026-09-10,2,False,สีลม
C01461,ภัทร,หญิง,45-54,B01,2026-08-10,5,False,สยาม
C01462,สุดา,หญิง,45-54,B04,2025-06-21,5,False,บางนา
C01463,รัตนา,ชาย,18-24,B04,2026-06-12,2,False,บางนา
C01464,ปิยะ,หญิง,25-34,B01,2026-07-04,3,False,สยาม
C01465,รัตนา,ชาย,25-34,B05,2026-07-08,3,False,มหาวิทยาลัย
C01466,กมล,หญิง,18-24,B05,2026-01-21,2,False,มหาวิทยาลัย
C01467,ธีร,หญิง,25-34,B01,2026-05-19,3,False,สยาม
C01468,วรรณ,หญิง,45-54,B02,2025-06-22,5,False,สีลม
C01469,กิตติ,ชาย,25-34,B05,2026-02-08,3,False,มหาวิทยาลัย
C01470,ภูมิ,หญิง,35-44,B02,2025-10-06,4,False,สีลม
C01471,ธนา,ชาย,18-24,B05,2025-07-12,2,False,มหาวิทยาลัย
C01472,กมล,หญิง,55+,B01,2025-06-06,6,False,สยาม
C01473,พิม,หญิง,45-54,B02,2026-08-30,5,False,สีลม
C01474,กิตติ,หญิง,25-34,B04,2025-12-26,3,False,บางนา
C01475,สมชาย,ชาย,45-54,B02,2026-09-01,5,False,สีลม
C01476,ศิริ,หญิง,45-54,B02,2025-10-19,5,False,สีลม
C01477,จิรา,ชาย,25-34,B01,2026-01-15,3,False,สยาม
C01478,รัตนา,ชาย,35-44,B01,2026-07-15,4,False,สยาม
C01479,ธีร,ชาย,45-54,B04,2025-10-22,5,False,บางนา
C01480,กมล,หญิง,35-44,B03,2026-04-24,4,False,อารีย์
C01481,รัตนา,หญิง,35-44,B01,2026-08-10,4,False,สยาม
C01482,กมล,หญิง,25-34,B05,2025-09-20,3,False,มหาวิทยาลัย
C01483,อรุณ,ชาย,25-34,B01,2026-03-05,3,False,สยาม
C01484,อัญชลี,หญิง,25-34,B04,2025-06-15,3,False,บางนา
C01485,มานพ,หญิง,25-34,B02,2026-02-01,3,False,สีลม
C01486,กิตติ,หญิง,25-34,B05,2025-06-11,3,False,มหาวิทยาลัย
C01487,ภัทร,หญิง,18-24,B05,2025-05-05,2,False,มหาวิทยาลัย
C01488,ปวีณ,ชาย,ต่ำกว่า 18,B01,2025-11-06,1,True,สยาม
C01489,กมล,ชาย,25-34,B05,2025-05-20,3,False,มหาวิทยาลัย
C01490,พิม,หญิง,25-34,B02,2025-09-12,3,False,สีลม
C01491,สุดา,ชาย,35-44,B01,2026-04-09,4,False,สยาม
C01492,วรรณ,หญิง,35-44,B01,2026-05-23,4,False,สยาม
C01493,ศิริ,ชาย,25-34,B02,2026-07-16,3,False,สีลม
C01494,จิรา,ชาย,25-34,B04,2026-06-03,3,False,บางนา
C01495,จิรา,หญิง,18-24,B02,2025-04-06,2,False,สีลม
C01496,กมล,หญิง,18-24,B03,2026-01-18,2,False,อารีย์
C01497,อัญชลี,หญิง,25-34,B01,2026-07-09,3,False,สยาม
C01498,ธีร,หญิง,45-54,B05,2026-06-21,5,False,มหาวิทยาลัย
C01499,ศิริ,หญิง,25-34,B02,2025-06-27,3,False,สีลม
C01500,พิม,ชาย,ต่ำกว่า 18,B02,2025-04-26,1,True,สีลม
C01501,ธนา,หญิง,45-54,B04,2026-05-12,5,False,บางนา
C01502,สมชาย,ชาย,25-34,B03,2025-12-04,3,False,อารีย์
C01503,จิรา,หญิง,18-24,B02,2026-05-26,2,False,สีลม
C01504,ธีร,ชาย,35-44,B01,2025-10-10,4,False,สยาม
C01505,พิม,ชาย,35-44,B03,2026-07-09,4,False,อารีย์
C01506,จิรา,หญิง,18-24,B03,2025-12-02,2,False,อารีย์
C01507,มานพ,ชาย,25-34,B05,2026-05-31,3,False,มหาวิทยาลัย
C01508,ณัฐ,หญิง,35-44,B01,2026-05-09,4,False,สยาม
C01509,จิรา,ชาย,45-54,B02,2025-11-29,5,False,สีลม
C01510,มานพ,หญิง,25-34,B03,2026-07-15,3,False,อารีย์
C01511,สุดา,หญิง,25-34,B03,2026-02-25,3,False,อารีย์
C01512,เกศ,ชาย,25-34,B02,2026-09-03,3,False,สีลม
C01513,กมล,ชาย,25-34,B05,2025-10-06,3,False,มหาวิทยาลัย
C01514,ณัฐ,หญิง,18-24,B01,2026-04-01,2,False,สยาม
C01515,ธีร,หญิง,18-24,B02,2025-04-15,2,False,สีลม
C01516,ปวีณ,หญิง,18-24,B04,2025-06-20,2,False,บางนา
C01517,ธีร,หญิง,35-44,B01,2026-03-12,4,False,สยาม
C01518,รัตนา,หญิง,45-54,B05,2026-08-06,5,False,มหาวิทยาลัย
C01519,พิม,หญิง,45-54,B02,2026-02-16,5,False,สีลม
C01520,ชนา,หญิง,25-34,B01,2026-04-15,3,False,สยาม
C01521,ทิพย์,หญิง,25-34,B01,2025-05-26,3,False,สยาม
C01522,อัญชลี,หญิง,18-24,B04,2026-03-28,2,False,บางนา
C01523,ปิยะ,ชาย,55+,B05,2025-07-18,6,False,มหาวิทยาลัย
C01524,วรรณ,ชาย,35-44,B05,2025-09-06,4,False,มหาวิทยาลัย
C01525,ธีร,ชาย,45-54,B05,2025-09-29,5,False,มหาวิทยาลัย
C01526,กมล,ชาย,45-54,B03,2026-02-05,5,False,อารีย์
C01527,สุดา,หญิง,25-34,B02,2025-09-22,3,False,สีลม
C01528,ปวีณ,ชาย,25-34,B01,2026-02-12,3,False,สยาม
C01529,ธนา,ชาย,25-34,B02,2026-07-18,3,False,สีลม
C01530,ศิริ,ชาย,45-54,B03,2026-07-17,5,False,อารีย์
C01531,ภัทร,หญิง,35-44,B01,2025-07-12,4,False,สยาม
C01532,ภัทร,ชาย,18-24,B01,2025-11-30,2,False,สยาม
C01533,ภูมิ,ชาย,25-34,B05,2026-04-29,3,False,มหาวิทยาลัย
C01534,ชนา,หญิง,18-24,B02,2025-08-15,2,False,สีลม
C01535,ธีร,ชาย,18-24,B01,2025-10-24,2,False,สยาม
C01536,กมล,หญิง,45-54,B01,2025-10-05,5,False,สยาม
C01537,ทิพย์,หญิง,35-44,B04,2025-12-20,4,False,บางนา
C01538,วรรณ,หญิง,45-54,B01,2025-08-14,5,False,สยาม
C01539,สุดา,ชาย,18-24,B03,2025-12-25,2,False,อารีย์
C01540,พิม,หญิง,45-54,B05,2026-07-08,5,False,มหาวิทยาลัย
C01541,ธีร,หญิง,25-34,B05,2026-03-03,3,False,มหาวิทยาลัย
C01542,รัตนา,หญิง,18-24,B04,2026-08-28,2,False,บางนา
C01543,พิม,หญิง,55+,B05,2025-11-17,6,False,มหาวิทยาลัย
C01544,วีระ,ชาย,18-24,B01,2025-12-01,2,False,สยาม
C01545,ภัทร,หญิง,ต่ำกว่า 18,B02,2026-04-27,1,True,สีลม
C01546,ชนา,ชาย,18-24,B04,2026-01-11,2,False,บางนา
C01547,กิตติ,ชาย,35-44,B05,2025-10-15,4,False,มหาวิทยาลัย
C01548,ธีร,ชาย,35-44,B03,2026-01-08,4,False,อารีย์
C01549,ภัทร,หญิง,45-54,B02,2025-09-14,5,False,สีลม
C01550,วีระ,หญิง,35-44,B02,2026-01-27,4,False,สีลม
C01551,ภูมิ,หญิง,55+,B04,2025-09-27,6,False,บางนา
C01552,วรรณ,หญิง,45-54,B05,2026-01-24,5,False,มหาวิทยาลัย
C01553,เกศ,หญิง,25-34,B01,2026-03-30,3,False,สยาม
C01554,ภัทร,ชาย,35-44,B05,2025-05-26,4,False,มหาวิทยาลัย
C01555,ปิยะ,หญิง,35-44,B01,2025-12-22,4,False,สยาม
C01556,ปวีณ,หญิง,18-24,B01,2026-07-31,2,False,สยาม
C01557,ปิยะ,หญิง,35-44,B02,2025-06-26,4,False,สีลม
C01558,ธีร,หญิง,25-34,B01,2025-05-24,3,False,สยาม
C01559,ชนา,ชาย,18-24,B03,2026-08-11,2,False,อารีย์
C01560,ณัฐ,หญิง,25-34,B02,2025-10-28,3,False,สีลม
C01561,อัญชลี,หญิง,ต่ำกว่า 18,B02,2026-02-02,1,True,สีลม
C01562,ภัทร,ชาย,25-34,B05,2025-05-02,3,False,มหาวิทยาลัย
C01563,ชนา,หญิง,ต่ำกว่า 18,B02,2025-09-17,1,True,สีลม
C01564,ปิยะ,ชาย,35-44,B05,2025-06-15,4,False,มหาวิทยาลัย
C01565,จิรา,หญิง,18-24,B02,2026-09-05,2,False,สีลม
C01566,ภูมิ,ชาย,18-24,B04,2025-12-14,2,False,บางนา
C01567,ธีร,หญิง,45-54,B01,2026-06-12,5,False,สยาม
C01568,เกศ,หญิง,25-34,B04,2025-04-17,3,False,บางนา
C01569,ชนา,ชาย,18-24,B04,2026-08-28,2,False,บางนา
C01570,อรุณ,หญิง,18-24,B02,2026-08-23,2,False,สีลม
C01571,ทิพย์,ชาย,25-34,B05,2026-05-13,3,False,มหาวิทยาลัย
C01572,เกศ,ชาย,35-44,B04,2026-04-26,4,False,บางนา
C01573,วีระ,หญิง,ต่ำกว่า 18,B02,2026-06-03,1,True,สีลม
C01574,จิรา,หญิง,45-54,B05,2025-04-15,5,False,มหาวิทยาลัย
C01575,ปวีณ,ชาย,18-24,B02,2026-09-11,2,False,สีลม
C01576,สุดา,หญิง,25-34,B02,2026-05-11,3,False,สีลม
C01577,ปิยะ,ชาย,18-24,B02,2026-08-10,2,False,สีลม
C01578,ภูมิ,หญิง,35-44,B05,2026-07-05,4,False,มหาวิทยาลัย
C01579,ชนา,หญิง,45-54,B04,2026-05-14,5,False,บางนา
C01580,ภูมิ,หญิง,18-24,B03,2025-12-07,2,False,อารีย์
C01581,กมล,ชาย,35-44,B05,2025-04-06,4,False,มหาวิทยาลัย
C01582,ภัทร,ชาย,35-44,B04,2026-04-27,4,False,บางนา
C01583,วรรณ,ชาย,55+,B02,2026-08-16,6,False,สีลม
C01584,ธนา,ชาย,25-34,B05,2026-01-20,3,False,มหาวิทยาลัย
C01585,อรุณ,ชาย,25-34,B04,2026-04-16,3,False,บางนา
C01586,ภัทร,หญิง,18-24,B05,2026-05-01,2,False,มหาวิทยาลัย
C01587,ภัทร,ชาย,18-24,B04,2026-06-23,2,False,บางนา
C01588,กิตติ,หญิง,18-24,B05,2025-10-02,2,False,มหาวิทยาลัย
C01589,ทิพย์,หญิง,ต่ำกว่า 18,B05,2026-02-03,1,True,มหาวิทยาลัย
C01590,กิตติ,ชาย,25-34,B05,2026-05-06,3,False,มหาวิทยาลัย
C01591,เกศ,หญิง,45-54,B05,2025-12-05,5,False,มหาวิทยาลัย
C01592,รัตนา,หญิง,45-54,B05,2025-09-10,5,False,มหาวิทยาลัย
C01593,กมล,หญิง,18-24,B02,2026-09-01,2,False,สีลม
C01594,สมชาย,ชาย,25-34,B05,2026-04-18,3,False,มหาวิทยาลัย
C01595,กิตติ,ชาย,45-54,B05,2026-08-16,5,False,มหาวิทยาลัย
C01596,นภัส,ชาย,18-24,B02,2026-03-13,2,False,สีลม
C01597,รัตนา,ชาย,25-34,B01,2025-11-22,3,False,สยาม
C01598,ธีร,หญิง,25-34,B01,2025-11-07,3,False,สยาม
C01599,ภัทร,หญิง,45-54,B02,2026-03-15,5,False,สีลม
C01600,จิรา,หญิง,35-44,B01,2025-09-28,4,False,สยาม
C01601,ภัทร,ชาย,35-44,B04,2026-03-30,4,False,บางนา
C01602,นภัส,หญิง,45-54,B01,2026-01-21,5,False,สยาม
C01603,สมชาย,หญิง,18-24,B01,2026-06-01,2,False,สยาม
C01604,กมล,ชาย,18-24,B02,2026-09-13,2,False,สีลม
C01605,สุดา,หญิง,45-54,B02,2026-03-20,5,False,สีลม
C01606,ธีร,ชาย,25-34,B01,2025-06-23,3,False,สยาม
C01607,สมชาย,หญิง,35-44,B02,2026-06-23,4,False,สีลม
C01608,จิรา,ชาย,25-34,B01,2025-09-05,3,False,สยาม
C01609,วีระ,หญิง,45-54,B01,2025-11-10,5,False,สยาม
C01610,กิตติ,ชาย,45-54,B01,2025-07-02,5,False,สยาม
C01611,วีระ,ชาย,35-44,B04,2025-12-05,4,False,บางนา
C01612,นภัส,ชาย,25-34,B05,2025-12-13,3,False,มหาวิทยาลัย
C01613,สุดา,หญิง,18-24,B01,2026-05-02,2,False,สยาม
C01614,ธนา,ไม่ระบุ,45-54,B04,2025-07-20,5,False,บางนา
C01615,สุดา,ชาย,18-24,B04,2026-04-30,2,False,บางนา
C01616,นภัส,ชาย,25-34,B03,2026-01-07,3,False,อารีย์
C01617,เกศ,หญิง,25-34,B03,2026-04-18,3,False,อารีย์
C01618,สุดา,ชาย,ต่ำกว่า 18,B04,2026-09-08,1,True,บางนา
C01619,ชนา,ชาย,18-24,B01,2025-10-28,2,False,สยาม
C01620,มานพ,ชาย,35-44,B02,2025-05-14,4,False,สีลม
C01621,ธนา,หญิง,35-44,B03,2026-05-31,4,False,อารีย์
C01622,สุดา,ไม่ระบุ,25-34,B04,2026-03-18,3,False,บางนา
C01623,ธีร,หญิง,35-44,B01,2026-04-02,4,False,สยาม
C01624,จิรา,หญิง,18-24,B01,2025-12-11,2,False,สยาม
C01625,ณัฐ,ไม่ระบุ,ต่ำกว่า 18,B03,2026-02-16,1,True,อารีย์
C01626,ภัทร,ชาย,18-24,B02,2026-08-16,2,False,สีลม
C01627,ธนา,หญิง,18-24,B05,2026-02-13,2,False,มหาวิทยาลัย
C01628,ทิพย์,ชาย,25-34,B03,2026-07-06,3,False,อารีย์
C01629,ภูมิ,ไม่ระบุ,18-24,B04,2026-02-15,2,False,บางนา
C01630,อัญชลี,ชาย,55+,B01,2025-07-27,6,False,สยาม
C01631,อัญชลี,หญิง,18-24,B02,2025-06-15,2,False,สีลม
C01632,ณัฐ,หญิง,ต่ำกว่า 18,B05,2026-08-26,1,True,มหาวิทยาลัย
C01633,กมล,หญิง,45-54,B05,2025-08-05,5,False,มหาวิทยาลัย
C01634,กิตติ,หญิง,18-24,B05,2025-09-26,2,False,มหาวิทยาลัย
C01635,ธีร,หญิง,18-24,B01,2026-04-28,2,False,สยาม
C01636,ชนา,หญิง,ต่ำกว่า 18,B05,2025-04-09,1,True,มหาวิทยาลัย
C01637,นภัส,ชาย,35-44,B02,2026-08-11,4,False,สีลม
C01638,ภูมิ,หญิง,25-34,B01,2026-03-11,3,False,สยาม
C01639,ทิพย์,หญิง,18-24,B02,2026-02-04,2,False,สีลม
C01640,ชนา,ชาย,35-44,B04,2026-06-29,4,False,บางนา
C01641,ธนา,หญิง,35-44,B02,2025-08-07,4,False,สีลม
C01642,อรุณ,หญิง,25-34,B03,2026-09-13,3,False,อารีย์
C01643,อรุณ,ชาย,18-24,B05,2026-08-11,2,False,มหาวิทยาลัย
C01644,ณัฐ,หญิง,25-34,B01,2025-04-22,3,False,สยาม
C01645,พิม,หญิง,35-44,B03,2026-01-26,4,False,อารีย์
C01646,วรรณ,ชาย,35-44,B01,2026-07-27,4,False,สยาม
C01647,ปวีณ,หญิง,25-34,B04,2025-08-20,3,False,บางนา
C01648,ณัฐ,ชาย,18-24,B02,2025-07-07,2,False,สีลม
C01649,ทิพย์,หญิง,25-34,B05,2025-12-30,3,False,มหาวิทยาลัย
C01650,สุดา,ไม่ระบุ,35-44,B03,2026-07-05,4,False,อารีย์
C01651,ภัทร,หญิง,35-44,B03,2025-12-27,4,False,อารีย์
C01652,อัญชลี,ไม่ระบุ,45-54,B05,2026-02-14,5,False,มหาวิทยาลัย
C01653,จิรา,ชาย,25-34,B04,2025-10-21,3,False,บางนา
C01654,กมล,ไม่ระบุ,45-54,B01,2025-12-23,5,False,สยาม
C01655,สมชาย,หญิง,45-54,B05,2026-07-20,5,False,มหาวิทยาลัย
C01656,ภัทร,หญิง,55+,B02,2025-06-20,6,False,สีลม
C01657,อัญชลี,หญิง,18-24,B03,2026-08-01,2,False,อารีย์
C01658,ปิยะ,ไม่ระบุ,25-34,B01,2025-09-15,3,False,สยาม
C01659,รัตนา,หญิง,35-44,B02,2026-01-21,4,False,สีลม
C01660,ภัทร,หญิง,35-44,B01,2025-06-14,4,False,สยาม
C01661,ณัฐ,หญิง,25-34,B04,2026-07-21,3,False,บางนา
C01662,ภูมิ,ชาย,18-24,B05,2026-09-02,2,False,มหาวิทยาลัย
C01663,ศิริ,หญิง,45-54,B05,2025-12-30,5,False,มหาวิทยาลัย
C01664,กมล,หญิง,25-34,B01,2025-06-16,3,False,สยาม
C01665,ธีร,หญิง,18-24,B03,2025-12-02,2,False,อารีย์
C01666,วรรณ,ชาย,18-24,B03,2026-03-18,2,False,อารีย์
C01667,กมล,หญิง,25-34,B01,2025-04-05,3,False,สยาม
C01668,ทิพย์,หญิง,18-24,B04,2025-04-21,2,False,บางนา
C01669,พิม,หญิง,35-44,B05,2025-04-10,4,False,มหาวิทยาลัย
C01670,กมล,หญิง,18-24,B01,2026-02-07,2,False,สยาม
C01671,พิม,หญิง,18-24,B04,2025-06-16,2,False,บางนา
C01672,วีระ,ชาย,25-34,B02,2026-07-04,3,False,สีลม
C01673,เกศ,ชาย,25-34,B02,2025-07-21,3,False,สีลม
C01674,เกศ,หญิง,25-34,B05,2026-04-26,3,False,มหาวิทยาลัย
C01675,นภัส,ชาย,25-34,B02,2025-07-16,3,False,สีลม
C01676,ณัฐ,หญิง,35-44,B03,2025-12-11,4,False,อารีย์
C01677,ศิริ,หญิง,18-24,B04,2026-02-20,2,False,บางนา
C01678,จิรา,ชาย,18-24,B05,2025-08-24,2,False,มหาวิทยาลัย
C01679,อัญชลี,หญิง,55+,B02,2026-04-28,6,False,สีลม
C01680,เกศ,หญิง,35-44,B05,2026-06-14,4,False,มหาวิทยาลัย
C01681,ธนา,ชาย,18-24,B01,2026-02-15,2,False,สยาม
C01682,ภูมิ,หญิง,25-34,B05,2026-07-13,3,False,มหาวิทยาลัย
C01683,ธีร,ไม่ระบุ,25-34,B03,2025-12-21,3,False,อารีย์
C01684,สุดา,หญิง,35-44,B01,2026-01-13,4,False,สยาม
C01685,อัญชลี,หญิง,ต่ำกว่า 18,B05,2026-01-31,1,True,มหาวิทยาลัย
C01686,สมชาย,หญิง,45-54,B05,2025-04-08,5,False,มหาวิทยาลัย
C01687,จิรา,ชาย,18-24,B04,2025-05-04,2,False,บางนา
C01688,อรุณ,ชาย,18-24,B04,2026-05-08,2,False,บางนา
C01689,ณัฐ,หญิง,25-34,B04,2026-05-12,3,False,บางนา
C01690,ธีร,หญิง,35-44,B01,2025-04-18,4,False,สยาม
C01691,ภูมิ,หญิง,25-34,B05,2025-04-17,3,False,มหาวิทยาลัย
C01692,ศิริ,หญิง,25-34,B01,2025-05-09,3,False,สยาม
C01693,ชนา,หญิง,35-44,B01,2026-02-22,4,False,สยาม
C01694,รัตนา,หญิง,35-44,B01,2026-04-05,4,False,สยาม
C01695,อัญชลี,ชาย,25-34,B05,2026-02-28,3,False,มหาวิทยาลัย
C01696,ปวีณ,หญิง,35-44,B01,2026-01-18,4,False,สยาม
C01697,ภัทร,ชาย,35-44,B02,2025-12-06,4,False,สีลม
C01698,นภัส,หญิง,35-44,B02,2025-07-20,4,False,สีลม
C01699,ทิพย์,หญิง,18-24,B03,2026-06-18,2,False,อารีย์
C01700,ณัฐ,ชาย,45-54,B05,2025-09-25,5,False,มหาวิทยาลัย
C01701,พิม,หญิง,35-44,B04,2026-09-05,4,False,บางนา
C01702,จิรา,หญิง,ต่ำกว่า 18,B05,2026-04-01,1,True,มหาวิทยาลัย
C01703,วีระ,หญิง,35-44,B05,2026-08-27,4,False,มหาวิทยาลัย
C01704,ธีร,หญิง,35-44,B01,2026-07-18,4,False,สยาม
C01705,มานพ,ชาย,35-44,B05,2026-03-09,4,False,มหาวิทยาลัย
C01706,จิรา,หญิง,18-24,B02,2026-02-09,2,False,สีลม
C01707,รัตนา,ชาย,18-24,B03,2026-09-07,2,False,อารีย์
C01708,รัตนา,หญิง,35-44,B01,2025-09-05,4,False,สยาม
C01709,ศิริ,ชาย,25-34,B02,2025-04-25,3,False,สีลม
C01710,ธนา,ชาย,25-34,B05,2025-12-16,3,False,มหาวิทยาลัย
C01711,ภูมิ,หญิง,55+,B02,2025-08-15,6,False,สีลม
C01712,กมล,หญิง,25-34,B03,2026-08-21,3,False,อารีย์
C01713,ศิริ,หญิง,18-24,B05,2026-01-04,2,False,มหาวิทยาลัย
C01714,ธีร,หญิง,18-24,B05,2026-09-05,2,False,มหาวิทยาลัย
C01715,อรุณ,ชาย,55+,B01,2025-05-27,6,False,สยาม
C01716,ชนา,ไม่ระบุ,ต่ำกว่า 18,B02,2026-04-18,1,True,สีลม
C01717,เกศ,ชาย,45-54,B01,2026-09-07,5,False,สยาม
C01718,จิรา,หญิง,18-24,B01,2026-06-09,2,False,สยาม
C01719,ปิยะ,หญิง,35-44,B01,2025-10-16,4,False,สยาม
C01720,ภัทร,หญิง,25-34,B05,2025-10-31,3,False,มหาวิทยาลัย
C01721,ศิริ,ชาย,25-34,B04,2026-01-24,3,False,บางนา
C01722,อรุณ,ชาย,18-24,B02,2025-11-10,2,False,สีลม
C01723,กิตติ,ชาย,25-34,B01,2026-01-11,3,False,สยาม
C01724,ปวีณ,หญิง,35-44,B02,2026-06-07,4,False,สีลม
C01725,ทิพย์,หญิง,25-34,B02,2025-11-12,3,False,สีลม
C01726,ภูมิ,ชาย,18-24,B02,2025-08-17,2,False,สีลม
C01727,ธนา,หญิง,35-44,B01,2025-12-28,4,False,สยาม
C01728,กมล,หญิง,18-24,B05,2025-10-04,2,False,มหาวิทยาลัย
C01729,อรุณ,หญิง,35-44,B01,2026-05-27,4,False,สยาม
C01730,จิรา,ชาย,25-34,B01,2026-01-03,3,False,สยาม
C01731,นภัส,หญิง,25-34,B04,2025-04-10,3,False,บางนา
C01732,พิม,หญิง,ต่ำกว่า 18,B01,2025-10-21,1,True,สยาม
C01733,สุดา,หญิง,25-34,B01,2026-05-25,3,False,สยาม
C01734,นภัส,ชาย,18-24,B01,2026-07-24,2,False,สยาม
C01735,พิม,หญิง,ต่ำกว่า 18,B03,2026-08-06,1,True,อารีย์
C01736,ธนา,ชาย,25-34,B01,2026-08-19,3,False,สยาม
C01737,สุดา,หญิง,ต่ำกว่า 18,B03,2026-07-11,1,True,อารีย์
C01738,วีระ,หญิง,18-24,B03,2026-06-05,2,False,อารีย์
C01739,สมชาย,หญิง,18-24,B02,2026-01-21,2,False,สีลม
C01740,พิม,หญิง,35-44,B01,2026-08-30,4,False,สยาม
C01741,ชนา,ไม่ระบุ,18-24,B02,2026-05-21,2,False,สีลม
C01742,อัญชลี,ชาย,35-44,B04,2025-12-17,4,False,บางนา
C01743,วรรณ,ชาย,25-34,B05,2025-04-29,3,False,มหาวิทยาลัย
C01744,อรุณ,ชาย,25-34,B01,2026-04-05,3,False,สยาม
C01745,กิตติ,หญิง,35-44,B04,2026-08-17,4,False,บางนา
C01746,ชนา,ชาย,18-24,B04,2026-06-26,2,False,บางนา
C01747,พิม,ชาย,25-34,B05,2025-12-12,3,False,มหาวิทยาลัย
C01748,ภูมิ,ชาย,18-24,B04,2026-08-29,2,False,บางนา
C01749,อัญชลี,ชาย,25-34,B03,2025-12-06,3,False,อารีย์
C01750,อัญชลี,หญิง,45-54,B02,2026-06-20,5,False,สีลม
C01751,กมล,หญิง,35-44,B02,2026-02-24,4,False,สีลม
C01752,อัญชลี,ชาย,18-24,B05,2026-02-20,2,False,มหาวิทยาลัย
C01753,พิม,หญิง,25-34,B01,2025-10-20,3,False,สยาม
C01754,ทิพย์,ชาย,35-44,B05,2026-08-18,4,False,มหาวิทยาลัย
C01755,วรรณ,หญิง,25-34,B03,2026-03-02,3,False,อารีย์
C01756,จิรา,หญิง,35-44,B02,2026-08-29,4,False,สีลม
C01757,อัญชลี,ชาย,18-24,B05,2026-08-17,2,False,มหาวิทยาลัย
C01758,สุดา,หญิง,25-34,B05,2026-01-08,3,False,มหาวิทยาลัย
C01759,ศิริ,หญิง,18-24,B01,2025-09-27,2,False,สยาม
C01760,ปวีณ,หญิง,25-34,B03,2026-02-08,3,False,อารีย์
C01761,ศิริ,หญิง,18-24,B01,2026-06-07,2,False,สยาม
C01762,อรุณ,ชาย,25-34,B05,2026-03-21,3,False,มหาวิทยาลัย
C01763,อัญชลี,ชาย,25-34,B02,2026-02-13,3,False,สีลม
C01764,ชนา,หญิง,55+,B05,2025-09-22,6,False,มหาวิทยาลัย
C01765,สมชาย,หญิง,45-54,B03,2026-06-20,5,False,อารีย์
C01766,กมล,ชาย,25-34,B03,2025-12-30,3,False,อารีย์
C01767,นภัส,หญิง,18-24,B04,2026-07-16,2,False,บางนา
C01768,ชนา,หญิง,25-34,B01,2026-04-04,3,False,สยาม
C01769,วีระ,หญิง,35-44,B05,2025-10-22,4,False,มหาวิทยาลัย
C01770,รัตนา,ชาย,35-44,B02,2025-11-11,4,False,สีลม
C01771,มานพ,หญิง,25-34,B02,2026-02-24,3,False,สีลม
C01772,สุดา,หญิง,25-34,B05,2026-07-29,3,False,มหาวิทยาลัย
C01773,อรุณ,หญิง,55+,B02,2026-01-29,6,False,สีลม
C01774,อรุณ,หญิง,18-24,B04,2026-09-06,2,False,บางนา
C01775,ปวีณ,ชาย,35-44,B05,2025-12-18,4,False,มหาวิทยาลัย
C01776,สุดา,หญิง,18-24,B03,2026-01-04,2,False,อารีย์
C01777,มานพ,ชาย,25-34,B01,2025-12-29,3,False,สยาม
C01778,พิม,ไม่ระบุ,45-54,B02,2025-09-22,5,False,สีลม
C01779,รัตนา,ชาย,45-54,B04,2025-08-09,5,False,บางนา
C01780,ภัทร,หญิง,18-24,B04,2025-10-11,2,False,บางนา
C01781,ศิริ,หญิง,45-54,B01,2025-04-27,5,False,สยาม
C01782,ภัทร,หญิง,25-34,B02,2025-10-18,3,False,สีลม
C01783,ภูมิ,หญิง,18-24,B02,2026-02-18,2,False,สีลม
C01784,อัญชลี,หญิง,18-24,B02,2026-01-11,2,False,สีลม
C01785,ณัฐ,หญิง,25-34,B02,2026-04-10,3,False,สีลม
C01786,อัญชลี,ชาย,18-24,B05,2026-09-06,2,False,มหาวิทยาลัย
C01787,สุดา,ชาย,18-24,B02,2026-04-05,2,False,สีลม
C01788,วรรณ,ชาย,45-54,B02,2025-11-12,5,False,สีลม
C01789,เกศ,หญิง,18-24,B01,2025-11-11,2,False,สยาม
C01790,ชนา,หญิง,45-54,B03,2026-01-08,5,False,อารีย์
C01791,มานพ,ชาย,25-34,B05,2026-02-22,3,False,มหาวิทยาลัย
C01792,รัตนา,หญิง,18-24,B02,2025-08-07,2,False,สีลม
C01793,ณัฐ,หญิง,45-54,B01,2025-05-18,5,False,สยาม
C01794,ภูมิ,ชาย,18-24,B04,2026-04-10,2,False,บางนา
C01795,ศิริ,ไม่ระบุ,18-24,B01,2025-06-05,2,False,สยาม
C01796,ชนา,ชาย,55+,B02,2025-05-05,6,False,สีลม
C01797,จิรา,ชาย,25-34,B01,2025-12-11,3,False,สยาม
C01798,นภัส,ชาย,35-44,B02,2026-06-03,4,False,สีลม
C01799,ทิพย์,หญิง,35-44,B01,2025-11-07,4,False,สยาม
C01800,กมล,ชาย,35-44,B05,2026-04-23,4,False,มหาวิทยาลัย
C01801,อรุณ,ชาย,25-34,B02,2026-02-16,3,False,สีลม
C01802,ภูมิ,หญิง,18-24,B04,2025-07-14,2,False,บางนา
C01803,กมล,ไม่ระบุ,25-34,B02,2025-12-12,3,False,สีลม
C01804,ชนา,ชาย,25-34,B02,2025-10-10,3,False,สีลม
C01805,สมชาย,หญิง,35-44,B04,2025-12-06,4,False,บางนา
C01806,ธีร,หญิง,25-34,B03,2026-01-21,3,False,อารีย์
C01807,พิม,หญิง,25-34,B01,2026-07-15,3,False,สยาม
C01808,มานพ,หญิง,55+,B04,2026-05-18,6,False,บางนา
C01809,กิตติ,หญิง,25-34,B01,2025-10-24,3,False,สยาม
C01810,ภูมิ,หญิง,18-24,B02,2026-01-21,2,False,สีลม
C01811,ภูมิ,ชาย,55+,B05,2026-01-20,6,False,มหาวิทยาลัย
C01812,ศิริ,ชาย,35-44,B02,2026-08-26,4,False,สีลม
C01813,ทิพย์,ไม่ระบุ,35-44,B05,2026-04-02,4,False,มหาวิทยาลัย
C01814,ณัฐ,ชาย,18-24,B01,2026-03-01,2,False,สยาม
C01815,พิม,หญิง,35-44,B04,2026-06-27,4,False,บางนา
C01816,ภูมิ,ชาย,25-34,B02,2025-06-12,3,False,สีลม
C01817,ธีร,หญิง,25-34,B05,2025-06-04,3,False,มหาวิทยาลัย
C01818,พิม,ไม่ระบุ,25-34,B05,2025-07-20,3,False,มหาวิทยาลัย
C01819,อรุณ,หญิง,18-24,B01,2025-04-24,2,False,สยาม
C01820,รัตนา,หญิง,25-34,B01,2025-09-12,3,False,สยาม
C01821,อรุณ,ชาย,25-34,B03,2025-12-31,3,False,อารีย์
C01822,อัญชลี,หญิง,18-24,B02,2026-01-29,2,False,สีลม
C01823,ธนา,หญิง,45-54,B02,2026-02-16,5,False,สีลม
C01824,ธนา,หญิง,35-44,B03,2026-08-14,4,False,อารีย์
C01825,กิตติ,หญิง,ต่ำกว่า 18,B03,2026-03-08,1,True,อารีย์
C01826,อรุณ,ชาย,18-24,B02,2026-03-17,2,False,สีลม
C01827,ธนา,ชาย,55+,B02,2026-01-30,6,False,สีลม
C01828,รัตนา,หญิง,18-24,B02,2026-07-31,2,False,สีลม
C01829,กิตติ,หญิง,35-44,B05,2026-06-02,4,False,มหาวิทยาลัย
C01830,กมล,หญิง,25-34,B05,2025-07-13,3,False,มหาวิทยาลัย
C01831,ชนา,หญิง,45-54,B02,2025-11-14,5,False,สีลม
C01832,มานพ,ชาย,25-34,B04,2025-08-30,3,False,บางนา
C01833,ปิยะ,หญิง,18-24,B03,2026-02-26,2,False,อารีย์
C01834,ธีร,หญิง,25-34,B03,2026-05-11,3,False,อารีย์
C01835,สมชาย,หญิง,35-44,B03,2025-11-08,4,False,อารีย์
C01836,กิตติ,หญิง,18-24,B02,2025-06-08,2,False,สีลม
C01837,อัญชลี,หญิง,18-24,B02,2026-07-28,2,False,สีลม
C01838,เกศ,หญิง,18-24,B03,2026-05-24,2,False,อารีย์
C01839,ภัทร,ชาย,45-54,B01,2026-04-02,5,False,สยาม
C01840,วรรณ,หญิง,25-34,B02,2026-07-17,3,False,สีลม
C01841,ณัฐ,หญิง,ต่ำกว่า 18,B02,2026-05-01,1,True,สีลม
C01842,สุดา,หญิง,45-54,B03,2026-07-22,5,False,อารีย์
C01843,สมชาย,ชาย,55+,B04,2025-05-13,6,False,บางนา
C01844,วีระ,หญิง,35-44,B03,2026-06-08,4,False,อารีย์
C01845,ทิพย์,ชาย,18-24,B05,2026-07-30,2,False,มหาวิทยาลัย
C01846,มานพ,ชาย,25-34,B02,2026-04-10,3,False,สีลม
C01847,สมชาย,หญิง,45-54,B04,2025-10-20,5,False,บางนา
C01848,มานพ,หญิง,35-44,B01,2025-12-01,4,False,สยาม
C01849,ทิพย์,ชาย,45-54,B05,2026-07-03,5,False,มหาวิทยาลัย
C01850,ธีร,ชาย,25-34,B05,2025-04-21,3,False,มหาวิทยาลัย
C01851,ณัฐ,ชาย,55+,B01,2025-08-27,6,False,สยาม
C01852,รัตนา,หญิง,18-24,B05,2026-06-05,2,False,มหาวิทยาลัย
C01853,รัตนา,ชาย,25-34,B05,2026-08-29,3,False,มหาวิทยาลัย
C01854,กิตติ,หญิง,45-54,B05,2025-11-25,5,False,มหาวิทยาลัย
C01855,สุดา,หญิง,35-44,B02,2025-07-25,4,False,สีลม
C01856,อรุณ,ชาย,25-34,B01,2025-12-10,3,False,สยาม
C01857,อัญชลี,หญิง,25-34,B02,2025-09-20,3,False,สีลม
C01858,ชนา,ชาย,25-34,B03,2026-03-21,3,False,อารีย์
C01859,อัญชลี,หญิง,25-34,B01,2026-05-31,3,False,สยาม
C01860,รัตนา,หญิง,18-24,B02,2025-12-27,2,False,สีลม
C01861,ปิยะ,หญิง,25-34,B01,2025-10-07,3,False,สยาม
C01862,สุดา,หญิง,35-44,B02,2026-03-11,4,False,สีลม
C01863,นภัส,หญิง,35-44,B02,2026-04-16,4,False,สีลม
C01864,อัญชลี,หญิง,18-24,B01,2025-12-18,2,False,สยาม
C01865,พิม,ชาย,25-34,B01,2026-03-01,3,False,สยาม
C01866,รัตนา,ชาย,25-34,B02,2025-11-21,3,False,สีลม
C01867,รัตนา,ชาย,35-44,B01,2026-09-14,4,False,สยาม
C01868,ธนา,หญิง,25-34,B05,2026-01-08,3,False,มหาวิทยาลัย
C01869,ธีร,หญิง,45-54,B05,2026-02-06,5,False,มหาวิทยาลัย
C01870,จิรา,ชาย,25-34,B04,2025-10-20,3,False,บางนา
C01871,สมชาย,ไม่ระบุ,25-34,B02,2026-02-28,3,False,สีลม
C01872,ณัฐ,ชาย,ต่ำกว่า 18,B04,2026-05-27,1,True,บางนา
C01873,รัตนา,หญิง,35-44,B04,2026-09-14,4,False,บางนา
C01874,ภัทร,ชาย,25-34,B04,2026-06-13,3,False,บางนา
C01875,ณัฐ,หญิง,18-24,B04,2026-09-11,2,False,บางนา
C01876,มานพ,หญิง,18-24,B02,2025-05-26,2,False,สีลม
C01877,ศิริ,หญิง,35-44,B04,2026-08-14,4,False,บางนา
C01878,สมชาย,ชาย,25-34,B03,2026-05-15,3,False,อารีย์
C01879,มานพ,หญิง,45-54,B02,2025-06-25,5,False,สีลม
C01880,นภัส,ชาย,18-24,B04,2025-07-05,2,False,บางนา
C01881,กมล,หญิง,45-54,B01,2026-07-01,5,False,สยาม
C01882,ทิพย์,หญิง,18-24,B05,2025-06-24,2,False,มหาวิทยาลัย
C01883,รัตนา,ชาย,35-44,B04,2025-08-01,4,False,บางนา
C01884,สุดา,หญิง,18-24,B03,2026-02-04,2,False,อารีย์
C01885,กมล,หญิง,35-44,B02,2026-05-06,4,False,สีลม
C01886,ชนา,ชาย,25-34,B01,2025-11-01,3,False,สยาม
C01887,กมล,ชาย,18-24,B05,2025-07-31,2,False,มหาวิทยาลัย
C01888,วรรณ,หญิง,45-54,B02,2025-04-15,5,False,สีลม
C01889,ธีร,หญิง,25-34,B02,2025-07-18,3,False,สีลม
C01890,วรรณ,ชาย,55+,B03,2026-01-15,6,False,อารีย์
C01891,รัตนา,ชาย,18-24,B03,2026-07-01,2,False,อารีย์
C01892,อรุณ,หญิง,18-24,B01,2025-05-15,2,False,สยาม
C01893,ชนา,ชาย,35-44,B02,2026-07-20,4,False,สีลม
C01894,อรุณ,หญิง,25-34,B05,2025-06-20,3,False,มหาวิทยาลัย
C01895,จิรา,ชาย,25-34,B04,2025-10-11,3,False,บางนา
C01896,สมชาย,ชาย,18-24,B05,2025-09-26,2,False,มหาวิทยาลัย
C01897,ธนา,หญิง,35-44,B03,2026-07-26,4,False,อารีย์
C01898,กมล,หญิง,25-34,B03,2026-04-21,3,False,อารีย์
C01899,ณัฐ,ชาย,25-34,B02,2025-12-23,3,False,สีลม
C01900,เกศ,ชาย,35-44,B05,2026-07-13,4,False,มหาวิทยาลัย
C01901,ปิยะ,ชาย,55+,B02,2025-10-15,6,False,สีลม
C01902,มานพ,ชาย,18-24,B05,2026-07-08,2,False,มหาวิทยาลัย
C01903,สุดา,ชาย,18-24,B04,2025-08-24,2,False,บางนา
C01904,ปวีณ,หญิง,45-54,B02,2026-09-05,5,False,สีลม
C01905,นภัส,ชาย,25-34,B01,2026-03-25,3,False,สยาม
C01906,รัตนา,ชาย,35-44,B02,2026-06-18,4,False,สีลม
C01907,ศิริ,หญิง,25-34,B03,2026-03-31,3,False,อารีย์
C01908,อรุณ,ชาย,25-34,B04,2025-04-19,3,False,บางนา
C01909,ทิพย์,หญิง,35-44,B01,2025-11-22,4,False,สยาม
C01910,ภัทร,หญิง,35-44,B05,2026-08-09,4,False,มหาวิทยาลัย
C01911,ภูมิ,หญิง,35-44,B02,2025-05-26,4,False,สีลม
C01912,ปวีณ,หญิง,25-34,B04,2025-10-31,3,False,บางนา
C01913,ภูมิ,ชาย,18-24,B01,2026-08-23,2,False,สยาม
C01914,ธีร,ชาย,25-34,B01,2026-07-13,3,False,สยาม
C01915,ภูมิ,หญิง,35-44,B02,2025-08-11,4,False,สีลม
C01916,ธีร,ชาย,45-54,B01,2026-07-13,5,False,สยาม
C01917,ธีร,หญิง,18-24,B05,2025-09-11,2,False,มหาวิทยาลัย
C01918,อัญชลี,หญิง,35-44,B03,2025-11-06,4,False,อารีย์
C01919,ธีร,หญิง,18-24,B05,2025-06-02,2,False,มหาวิทยาลัย
C01920,อรุณ,หญิง,25-34,B04,2025-12-26,3,False,บางนา
C01921,พิม,ชาย,25-34,B02,2026-01-02,3,False,สีลม
C01922,นภัส,ชาย,45-54,B02,2026-07-22,5,False,สีลม
C01923,นภัส,หญิง,18-24,B03,2026-07-05,2,False,อารีย์
C01924,สุดา,หญิง,18-24,B05,2026-03-25,2,False,มหาวิทยาลัย
C01925,อรุณ,ชาย,25-34,B04,2026-07-22,3,False,บางนา
C01926,ภัทร,หญิง,18-24,B05,2025-12-23,2,False,มหาวิทยาลัย
C01927,อัญชลี,ชาย,35-44,B02,2025-08-12,4,False,สีลม
C01928,เกศ,หญิง,45-54,B04,2025-05-01,5,False,บางนา
C01929,ภัทร,ชาย,35-44,B01,2026-03-10,4,False,สยาม
C01930,วีระ,หญิง,45-54,B02,2026-04-22,5,False,สีลม
C01931,ทิพย์,หญิง,18-24,B01,2025-08-14,2,False,สยาม
C01932,มานพ,หญิง,25-34,B02,2025-08-06,3,False,สีลม
C01933,ชนา,ชาย,18-24,B02,2026-01-25,2,False,สีลม
C01934,กิตติ,ชาย,35-44,B02,2026-07-24,4,False,สีลม
C01935,ทิพย์,หญิง,18-24,B01,2025-05-13,2,False,สยาม
C01936,วรรณ,หญิง,18-24,B03,2026-03-19,2,False,อารีย์
C01937,เกศ,หญิง,25-34,B03,2026-09-03,3,False,อารีย์
C01938,เกศ,หญิง,35-44,B05,2025-08-22,4,False,มหาวิทยาลัย
C01939,กิตติ,ชาย,18-24,B03,2026-04-28,2,False,อารีย์
C01940,อัญชลี,ชาย,25-34,B04,2026-08-26,3,False,บางนา
C01941,พิม,หญิง,25-34,B05,2025-11-04,3,False,มหาวิทยาลัย
C01942,อรุณ,หญิง,18-24,B01,2026-04-03,2,False,สยาม
C01943,เกศ,หญิง,18-24,B04,2026-02-04,2,False,บางนา
C01944,ชนา,ชาย,25-34,B03,2025-12-18,3,False,อารีย์
C01945,ปวีณ,หญิง,55+,B04,2026-07-01,6,False,บางนา
C01946,พิม,ชาย,35-44,B02,2025-08-28,4,False,สีลม
C01947,จิรา,หญิง,25-34,B01,2026-07-05,3,False,สยาม
C01948,ปวีณ,หญิง,45-54,B02,2025-09-02,5,False,สีลม
C01949,วรรณ,ชาย,25-34,B02,2026-01-25,3,False,สีลม
C01950,เกศ,ชาย,25-34,B02,2025-05-20,3,False,สีลม
C01951,วรรณ,หญิง,45-54,B01,2026-05-04,5,False,สยาม
C01952,ภูมิ,ชาย,45-54,B01,2025-10-17,5,False,สยาม
C01953,ภัทร,ชาย,25-34,B05,2026-02-21,3,False,มหาวิทยาลัย
C01954,ธีร,หญิง,18-24,B01,2025-07-13,2,False,สยาม
C01955,จิรา,หญิง,25-34,B02,2026-07-13,3,False,สีลม
C01956,จิรา,หญิง,18-24,B02,2026-05-14,2,False,สีลม
C01957,ณัฐ,หญิง,55+,B03,2026-06-20,6,False,อารีย์
C01958,ชนา,ชาย,25-34,B03,2026-01-16,3,False,อารีย์
C01959,เกศ,หญิง,35-44,B02,2026-01-11,4,False,สีลม
C01960,ภูมิ,ชาย,18-24,B02,2026-09-08,2,False,สีลม
C01961,ทิพย์,ไม่ระบุ,25-34,B01,2026-03-03,3,False,สยาม
C01962,พิม,ชาย,55+,B04,2025-11-09,6,False,บางนา
C01963,รัตนา,หญิง,45-54,B02,2025-06-03,5,False,สีลม
C01964,ณัฐ,หญิง,25-34,B04,2025-09-19,3,False,บางนา
C01965,ชนา,หญิง,55+,B01,2025-07-16,6,False,สยาม
C01966,จิรา,ชาย,25-34,B02,2026-08-15,3,False,สีลม
C01967,กิตติ,หญิง,35-44,B02,2025-12-15,4,False,สีลม
C01968,ทิพย์,หญิง,25-34,B05,2026-06-17,3,False,มหาวิทยาลัย
C01969,พิม,หญิง,25-34,B05,2025-05-13,3,False,มหาวิทยาลัย
C01970,นภัส,ชาย,18-24,B01,2025-12-29,2,False,สยาม
C01971,ปิยะ,ชาย,ต่ำกว่า 18,B04,2025-10-03,1,True,บางนา
C01972,ปิยะ,หญิง,18-24,B01,2025-09-18,2,False,สยาม
C01973,ธีร,หญิง,25-34,B02,2026-02-28,3,False,สีลม
C01974,เกศ,ชาย,18-24,B01,2026-08-21,2,False,สยาม
C01975,กิตติ,ชาย,35-44,B02,2026-03-02,4,False,สีลม
C01976,ธีร,ชาย,45-54,B01,2025-11-21,5,False,สยาม
C01977,พิม,ไม่ระบุ,25-34,B01,2025-08-03,3,False,สยาม
C01978,กมล,ชาย,35-44,B03,2026-05-20,4,False,อารีย์
C01979,ทิพย์,ชาย,45-54,B02,2026-05-06,5,False,สีลม
C01980,สมชาย,หญิง,25-34,B03,2025-12-27,3,False,อารีย์
C01981,ชนา,ไม่ระบุ,45-54,B05,2025-12-23,5,False,มหาวิทยาลัย
C01982,กมล,หญิง,45-54,B02,2026-06-23,5,False,สีลม
C01983,ทิพย์,หญิง,18-24,B01,2025-05-01,2,False,สยาม
C01984,ณัฐ,ชาย,25-34,B02,2025-10-16,3,False,สีลม
C01985,ปิยะ,ไม่ระบุ,45-54,B02,2026-05-15,5,False,สีลม
C01986,ศิริ,หญิง,35-44,B02,2026-06-18,4,False,สีลม
C01987,วรรณ,ชาย,18-24,B01,2026-03-17,2,False,สยาม
C01988,กิตติ,หญิง,25-34,B04,2025-08-07,3,False,บางนา
C01989,วีระ,หญิง,25-34,B01,2025-04-24,3,False,สยาม
C01990,กิตติ,หญิง,18-24,B02,2025-06-22,2,False,สีลม
C01991,วรรณ,ชาย,35-44,B01,2026-01-25,4,False,สยาม
C01992,ชนา,หญิง,18-24,B04,2025-07-30,2,False,บางนา
C01993,ภัทร,หญิง,35-44,B05,2026-06-16,4,False,มหาวิทยาลัย
C01994,สมชาย,หญิง,25-34,B04,2026-08-02,3,False,บางนา
C01995,ชนา,หญิง,25-34,B01,2026-04-29,3,False,สยาม
C01996,ธนา,ชาย,18-24,B01,2026-02-14,2,False,สยาม
C01997,สมชาย,ชาย,25-34,B01,2025-08-11,3,False,สยาม
C01998,ภูมิ,หญิง,55+,B01,2026-01-12,6,False,สยาม
C01999,ปวีณ,หญิง,35-44,B01,2026-05-23,4,False,สยาม
C02000,วีระ,ชาย,45-54,B05,2025-07-14,5,False,มหาวิทยาลัย
C02001,ชนา,ชาย,45-54,B02,2026-06-21,5,False,สีลม
C02002,มานพ,ไม่ระบุ,35-44,B01,2026-08-04,4,False,สยาม
C02003,ชนา,หญิง,18-24,B01,2025-08-27,2,False,สยาม
C02004,จิรา,ไม่ระบุ,35-44,B03,2026-07-14,4,False,อารีย์
C02005,ปิยะ,ชาย,25-34,B05,2026-07-03,3,False,มหาวิทยาลัย
C02006,ทิพย์,ชาย,35-44,B05,2025-12-31,4,False,มหาวิทยาลัย
C02007,เกศ,หญิง,25-34,B01,2026-03-10,3,False,สยาม
C02008,พิม,ชาย,18-24,B04,2026-04-08,2,False,บางนา
C02009,อัญชลี,หญิง,25-34,B05,2025-08-07,3,False,มหาวิทยาลัย
C02010,ศิริ,ชาย,18-24,B04,2025-05-30,2,False,บางนา
C02011,ชนา,หญิง,35-44,B02,2026-03-12,4,False,สีลม
C02012,ชนา,ชาย,25-34,B05,2026-06-06,3,False,มหาวิทยาลัย
C02013,นภัส,หญิง,45-54,B02,2025-12-23,5,False,สีลม
C02014,ธนา,หญิง,18-24,B05,2026-04-12,2,False,มหาวิทยาลัย
C02015,ปวีณ,หญิง,25-34,B02,2025-11-17,3,False,สีลม
C02016,นภัส,หญิง,18-24,B02,2025-06-07,2,False,สีลม
C02017,พิม,หญิง,18-24,B04,2026-01-28,2,False,บางนา
C02018,ภัทร,ชาย,18-24,B04,2025-12-10,2,False,บางนา
C02019,สุดา,ชาย,ต่ำกว่า 18,B05,2025-10-23,1,True,มหาวิทยาลัย
C02020,นภัส,ชาย,18-24,B05,2026-08-24,2,False,มหาวิทยาลัย
C02021,อัญชลี,ชาย,25-34,B02,2025-06-25,3,False,สีลม
C02022,ทิพย์,หญิง,25-34,B02,2025-11-18,3,False,สีลม
C02023,ธนา,ชาย,ต่ำกว่า 18,B05,2025-10-03,1,True,มหาวิทยาลัย
C02024,เกศ,หญิง,18-24,B01,2026-07-24,2,False,สยาม
C02025,อัญชลี,ชาย,ต่ำกว่า 18,B02,2025-11-05,1,True,สีลม
C02026,ธนา,หญิง,35-44,B05,2026-04-26,4,False,มหาวิทยาลัย
C02027,พิม,หญิง,18-24,B05,2026-03-04,2,False,มหาวิทยาลัย
C02028,ณัฐ,ชาย,45-54,B01,2026-05-21,5,False,สยาม
C02029,ธนา,ชาย,25-34,B05,2026-05-19,3,False,มหาวิทยาลัย
C02030,ทิพย์,หญิง,35-44,B03,2026-09-08,4,False,อารีย์
C02031,ณัฐ,ชาย,35-44,B05,2026-06-15,4,False,มหาวิทยาลัย
C02032,รัตนา,หญิง,35-44,B01,2026-06-15,4,False,สยาม
C02033,กิตติ,หญิง,25-34,B01,2026-05-31,3,False,สยาม
C02034,รัตนา,ชาย,25-34,B05,2026-05-20,3,False,มหาวิทยาลัย
C02035,ศิริ,หญิง,18-24,B02,2026-08-17,2,False,สีลม
C02036,ธนา,หญิง,18-24,B01,2026-02-14,2,False,สยาม
C02037,ธนา,หญิง,25-34,B05,2025-05-21,3,False,มหาวิทยาลัย
C02038,มานพ,ชาย,45-54,B05,2026-07-20,5,False,มหาวิทยาลัย
C02039,ณัฐ,หญิง,18-24,B04,2025-04-12,2,False,บางนา
C02040,ธนา,ชาย,45-54,B01,2025-04-02,5,False,สยาม
C02041,วีระ,ชาย,25-34,B03,2026-01-18,3,False,อารีย์
C02042,กมล,หญิง,55+,B04,2025-09-01,6,False,บางนา
C02043,จิรา,หญิง,45-54,B01,2025-12-06,5,False,สยาม
C02044,ณัฐ,หญิง,18-24,B05,2025-08-10,2,False,มหาวิทยาลัย
C02045,อรุณ,หญิง,35-44,B01,2025-06-14,4,False,สยาม
C02046,ภัทร,หญิง,45-54,B04,2026-06-02,5,False,บางนา
C02047,ศิริ,ชาย,25-34,B02,2026-05-28,3,False,สีลม
C02048,มานพ,หญิง,25-34,B05,2025-04-07,3,False,มหาวิทยาลัย
C02049,อรุณ,ชาย,35-44,B03,2026-02-13,4,False,อารีย์
C02050,วรรณ,ชาย,25-34,B05,2026-08-31,3,False,มหาวิทยาลัย
C02051,ณัฐ,หญิง,35-44,B01,2025-11-13,4,False,สยาม
C02052,สุดา,ชาย,18-24,B03,2026-01-08,2,False,อารีย์
C02053,จิรา,ชาย,45-54,B02,2026-05-19,5,False,สีลม
C02054,ณัฐ,หญิง,18-24,B04,2026-01-06,2,False,บางนา
C02055,อรุณ,หญิง,25-34,B02,2025-12-28,3,False,สีลม
C02056,ณัฐ,หญิง,35-44,B02,2025-05-14,4,False,สีลม
C02057,ภูมิ,ชาย,25-34,B02,2025-04-15,3,False,สีลม
C02058,ปิยะ,หญิง,45-54,B03,2025-12-15,5,False,อารีย์
C02059,ปิยะ,หญิง,25-34,B04,2026-09-11,3,False,บางนา
C02060,มานพ,ไม่ระบุ,18-24,B04,2025-08-27,2,False,บางนา
C02061,จิรา,ชาย,35-44,B01,2025-06-08,4,False,สยาม
C02062,ทิพย์,หญิง,35-44,B05,2026-04-07,4,False,มหาวิทยาลัย
C02063,ปิยะ,ชาย,18-24,B05,2025-09-20,2,False,มหาวิทยาลัย
C02064,ทิพย์,ชาย,18-24,B04,2025-04-19,2,False,บางนา
C02065,กมล,ชาย,25-34,B05,2025-06-03,3,False,มหาวิทยาลัย
C02066,ธีร,หญิง,25-34,B01,2026-05-18,3,False,สยาม
C02067,ทิพย์,ชาย,45-54,B05,2025-10-11,5,False,มหาวิทยาลัย
C02068,นภัส,ชาย,45-54,B02,2025-11-17,5,False,สีลม
C02069,พิม,หญิง,25-34,B01,2025-04-15,3,False,สยาม
C02070,กมล,หญิง,55+,B02,2025-11-19,6,False,สีลม
C02071,ภูมิ,หญิง,25-34,B05,2026-06-05,3,False,มหาวิทยาลัย
C02072,นภัส,หญิง,25-34,B03,2026-03-11,3,False,อารีย์
C02073,วรรณ,หญิง,18-24,B05,2025-11-22,2,False,มหาวิทยาลัย
C02074,สุดา,หญิง,18-24,B03,2025-11-12,2,False,อารีย์
C02075,พิม,ชาย,18-24,B04,2026-02-16,2,False,บางนา
C02076,พิม,ชาย,ต่ำกว่า 18,B05,2025-12-03,1,True,มหาวิทยาลัย
C02077,ธนา,หญิง,18-24,B04,2025-12-06,2,False,บางนา
C02078,ปวีณ,หญิง,55+,B02,2026-08-07,6,False,สีลม
C02079,ธนา,ชาย,18-24,B03,2026-06-06,2,False,อารีย์
C02080,วรรณ,หญิง,45-54,B05,2026-03-15,5,False,มหาวิทยาลัย
C02081,ปิยะ,หญิง,45-54,B02,2026-08-01,5,False,สีลม
C02082,วรรณ,หญิง,25-34,B02,2026-01-24,3,False,สีลม
C02083,ณัฐ,หญิง,25-34,B01,2026-08-09,3,False,สยาม
C02084,ณัฐ,หญิง,35-44,B01,2026-02-15,4,False,สยาม
C02085,ภูมิ,หญิง,18-24,B01,2025-06-02,2,False,สยาม
C02086,ธนา,ชาย,18-24,B01,2025-10-15,2,False,สยาม
C02087,รัตนา,หญิง,ต่ำกว่า 18,B03,2026-07-20,1,True,อารีย์
C02088,อรุณ,ชาย,18-24,B04,2025-05-31,2,False,บางนา
C02089,ธนา,หญิง,25-34,B02,2025-04-11,3,False,สีลม
C02090,ธนา,ชาย,18-24,B04,2026-03-18,2,False,บางนา
C02091,ภูมิ,ชาย,45-54,B05,2025-12-01,5,False,มหาวิทยาลัย
C02092,ปวีณ,ชาย,35-44,B01,2025-06-27,4,False,สยาม
C02093,นภัส,ชาย,25-34,B04,2025-04-26,3,False,บางนา
C02094,อรุณ,หญิง,35-44,B01,2026-07-16,4,False,สยาม
C02095,จิรา,หญิง,35-44,B02,2026-06-14,4,False,สีลม
C02096,พิม,ไม่ระบุ,35-44,B05,2026-07-07,4,False,มหาวิทยาลัย
C02097,ธีร,หญิง,55+,B02,2026-06-09,6,False,สีลม
C02098,มานพ,หญิง,18-24,B02,2025-05-15,2,False,สีลม
C02099,กมล,ชาย,25-34,B02,2026-03-06,3,False,สีลม
C02100,กิตติ,หญิง,25-34,B05,2025-06-15,3,False,มหาวิทยาลัย
C02101,สุดา,หญิง,ต่ำกว่า 18,B04,2025-06-15,1,True,บางนา
C02102,ปวีณ,หญิง,35-44,B04,2026-05-10,4,False,บางนา
C02103,วีระ,หญิง,18-24,B05,2025-06-22,2,False,มหาวิทยาลัย
C02104,วรรณ,ชาย,18-24,B04,2026-06-07,2,False,บางนา
C02105,ณัฐ,หญิง,35-44,B04,2026-08-16,4,False,บางนา
C02106,พิม,ชาย,45-54,B04,2026-08-25,5,False,บางนา
C02107,ศิริ,ชาย,35-44,B01,2026-06-03,4,False,สยาม
C02108,ธีร,หญิง,45-54,B05,2026-05-05,5,False,มหาวิทยาลัย
C02109,จิรา,ชาย,25-34,B01,2026-08-27,3,False,สยาม
C02110,ณัฐ,ชาย,25-34,B05,2025-12-04,3,False,มหาวิทยาลัย
C02111,ปิยะ,ชาย,18-24,B01,2025-08-11,2,False,สยาม
C02112,ทิพย์,ชาย,18-24,B02,2025-09-20,2,False,สีลม
C02113,พิม,ชาย,18-24,B01,2025-08-11,2,False,สยาม
C02114,ศิริ,หญิง,18-24,B04,2025-06-16,2,False,บางนา
C02115,ภัทร,ชาย,45-54,B04,2025-09-09,5,False,บางนา
C02116,จิรา,หญิง,ต่ำกว่า 18,B05,2025-08-20,1,True,มหาวิทยาลัย
C02117,มานพ,หญิง,25-34,B02,2026-05-01,3,False,สีลม
C02118,ธนา,หญิง,55+,B03,2026-07-14,6,False,อารีย์
C02119,กิตติ,หญิง,45-54,B01,2026-04-04,5,False,สยาม
C02120,มานพ,ไม่ระบุ,18-24,B02,2026-08-25,2,False,สีลม
C02121,ภัทร,หญิง,35-44,B03,2025-11-26,4,False,อารีย์
C02122,เกศ,หญิง,45-54,B05,2026-02-04,5,False,มหาวิทยาลัย
C02123,ปวีณ,ชาย,18-24,B01,2026-07-16,2,False,สยาม
C02124,วีระ,ชาย,18-24,B02,2025-09-29,2,False,สีลม
C02125,ทิพย์,หญิง,35-44,B01,2026-04-18,4,False,สยาม
C02126,ภัทร,ชาย,35-44,B02,2025-05-18,4,False,สีลม
C02127,ปวีณ,หญิง,45-54,B01,2026-06-15,5,False,สยาม
C02128,อรุณ,ชาย,25-34,B01,2026-05-16,3,False,สยาม
C02129,ภัทร,หญิง,18-24,B05,2026-03-08,2,False,มหาวิทยาลัย
C02130,ปิยะ,หญิง,55+,B01,2025-05-17,6,False,สยาม
C02131,พิม,ไม่ระบุ,18-24,B01,2025-04-13,2,False,สยาม
C02132,เกศ,ไม่ระบุ,35-44,B03,2026-01-30,4,False,อารีย์
C02133,อรุณ,ชาย,45-54,B05,2025-08-13,5,False,มหาวิทยาลัย
C02134,อรุณ,หญิง,25-34,B02,2025-08-12,3,False,สีลม
C02135,มานพ,ชาย,25-34,B05,2026-08-07,3,False,มหาวิทยาลัย
C02136,ณัฐ,หญิง,18-24,B03,2026-04-15,2,False,อารีย์
C02137,ศิริ,หญิง,18-24,B02,2026-08-17,2,False,สีลม
C02138,มานพ,หญิง,18-24,B05,2025-05-15,2,False,มหาวิทยาลัย
C02139,สมชาย,หญิง,35-44,B02,2026-04-24,4,False,สีลม
C02140,กมล,หญิง,18-24,B01,2025-08-07,2,False,สยาม
C02141,ปิยะ,หญิง,25-34,B02,2025-07-19,3,False,สีลม
C02142,ธีร,หญิง,25-34,B01,2026-08-14,3,False,สยาม
C02143,กมล,ชาย,45-54,B01,2026-05-16,5,False,สยาม
C02144,สุดา,ชาย,25-34,B01,2026-06-14,3,False,สยาม
C02145,อัญชลี,ชาย,25-34,B01,2026-05-17,3,False,สยาม
C02146,กมล,ชาย,35-44,B02,2025-08-02,4,False,สีลม
C02147,ศิริ,หญิง,18-24,B03,2026-08-08,2,False,อารีย์
C02148,วีระ,ไม่ระบุ,35-44,B04,2026-07-05,4,False,บางนา
C02149,ภัทร,ชาย,18-24,B05,2026-06-03,2,False,มหาวิทยาลัย
C02150,ภัทร,หญิง,18-24,B01,2025-04-21,2,False,สยาม
C02151,กมล,ชาย,55+,B01,2026-09-13,6,False,สยาม
C02152,ภูมิ,หญิง,25-34,B02,2026-07-27,3,False,สีลม
C02153,มานพ,หญิง,25-34,B05,2026-04-12,3,False,มหาวิทยาลัย
C02154,ธนา,หญิง,18-24,B02,2026-04-08,2,False,สีลม
C02155,สมชาย,หญิง,18-24,B03,2026-04-13,2,False,อารีย์
C02156,นภัส,หญิง,45-54,B01,2025-08-30,5,False,สยาม
C02157,มานพ,ไม่ระบุ,45-54,B05,2026-05-27,5,False,มหาวิทยาลัย
C02158,กิตติ,ชาย,25-34,B04,2025-07-15,3,False,บางนา
C02159,กิตติ,หญิง,18-24,B03,2026-02-24,2,False,อารีย์
C02160,ชนา,ชาย,55+,B02,2025-11-09,6,False,สีลม
C02161,อัญชลี,หญิง,35-44,B05,2026-03-03,4,False,มหาวิทยาลัย
C02162,กิตติ,หญิง,18-24,B05,2025-09-14,2,False,มหาวิทยาลัย
C02163,ณัฐ,หญิง,35-44,B04,2025-10-28,4,False,บางนา
C02164,ธีร,หญิง,25-34,B03,2026-08-22,3,False,อารีย์
C02165,นภัส,ชาย,ต่ำกว่า 18,B05,2026-09-06,1,True,มหาวิทยาลัย
C02166,วรรณ,ชาย,18-24,B05,2025-12-21,2,False,มหาวิทยาลัย
C02167,กิตติ,หญิง,25-34,B01,2026-04-01,3,False,สยาม
C02168,กมล,หญิง,25-34,B05,2025-10-27,3,False,มหาวิทยาลัย
C02169,นภัส,หญิง,55+,B04,2026-05-31,6,False,บางนา
C02170,มานพ,หญิง,25-34,B05,2026-04-23,3,False,มหาวิทยาลัย
C02171,ธีร,หญิง,25-34,B03,2025-11-13,3,False,อารีย์
C02172,ปิยะ,ชาย,45-54,B05,2025-09-17,5,False,มหาวิทยาลัย
C02173,ศิริ,หญิง,25-34,B04,2025-12-10,3,False,บางนา
C02174,กิตติ,ชาย,25-34,B03,2026-04-10,3,False,อารีย์
C02175,วีระ,หญิง,18-24,B05,2025-06-23,2,False,มหาวิทยาลัย
C02176,จิรา,หญิง,35-44,B01,2026-05-02,4,False,สยาม
C02177,อรุณ,ชาย,35-44,B02,2025-06-25,4,False,สีลม
C02178,ชนา,ชาย,25-34,B04,2025-09-22,3,False,บางนา
C02179,อัญชลี,หญิง,25-34,B01,2025-06-24,3,False,สยาม
C02180,เกศ,หญิง,25-34,B02,2025-09-10,3,False,สีลม
C02181,พิม,ชาย,35-44,B03,2026-05-13,4,False,อารีย์
C02182,ศิริ,หญิง,35-44,B05,2026-03-31,4,False,มหาวิทยาลัย
C02183,ชนา,หญิง,45-54,B04,2026-05-27,5,False,บางนา
C02184,กมล,หญิง,25-34,B05,2025-12-22,3,False,มหาวิทยาลัย
C02185,จิรา,หญิง,35-44,B05,2025-07-08,4,False,มหาวิทยาลัย
C02186,สมชาย,ชาย,25-34,B04,2025-09-23,3,False,บางนา
C02187,สมชาย,ชาย,35-44,B04,2026-09-07,4,False,บางนา
C02188,ทิพย์,ชาย,25-34,B02,2026-05-12,3,False,สีลม
C02189,ปวีณ,หญิง,25-34,B05,2025-07-28,3,False,มหาวิทยาลัย
C02190,นภัส,ชาย,25-34,B01,2025-06-17,3,False,สยาม
C02191,ชนา,ชาย,25-34,B04,2026-04-01,3,False,บางนา
C02192,วรรณ,ชาย,18-24,B01,2025-07-16,2,False,สยาม
C02193,เกศ,ไม่ระบุ,45-54,B03,2026-06-06,5,False,อารีย์
C02194,ธีร,หญิง,25-34,B05,2025-10-02,3,False,มหาวิทยาลัย
C02195,นภัส,หญิง,45-54,B05,2025-05-21,5,False,มหาวิทยาลัย
C02196,ศิริ,ชาย,35-44,B02,2026-04-08,4,False,สีลม
C02197,ปิยะ,หญิง,35-44,B04,2026-03-25,4,False,บางนา
C02198,ปวีณ,ชาย,25-34,B01,2025-06-04,3,False,สยาม
C02199,วีระ,ชาย,35-44,B05,2026-05-21,4,False,มหาวิทยาลัย
C02200,ธนา,ชาย,35-44,B05,2025-08-27,4,False,มหาวิทยาลัย
C02201,สมชาย,หญิง,25-34,B05,2025-12-17,3,False,มหาวิทยาลัย
C02202,ภัทร,ชาย,ต่ำกว่า 18,B04,2026-01-20,1,True,บางนา
C02203,ปวีณ,หญิง,25-34,B03,2025-11-13,3,False,อารีย์
C02204,ธนา,หญิง,25-34,B02,2025-04-01,3,False,สีลม
C02205,ปิยะ,ชาย,55+,B02,2025-09-27,6,False,สีลม
C02206,เกศ,หญิง,25-34,B01,2026-03-07,3,False,สยาม
C02207,ทิพย์,ชาย,35-44,B02,2025-04-14,4,False,สีลม
C02208,ศิริ,หญิง,18-24,B03,2026-03-16,2,False,อารีย์
C02209,ทิพย์,หญิง,55+,B04,2025-06-11,6,False,บางนา
C02210,เกศ,ชาย,55+,B04,2026-04-26,6,False,บางนา
C02211,ภูมิ,ชาย,25-34,B05,2026-03-17,3,False,มหาวิทยาลัย
C02212,ศิริ,หญิง,55+,B04,2026-06-04,6,False,บางนา
C02213,รัตนา,หญิง,25-34,B04,2026-06-28,3,False,บางนา
C02214,ศิริ,หญิง,ต่ำกว่า 18,B03,2026-07-29,1,True,อารีย์
C02215,ธนา,หญิง,45-54,B02,2025-05-16,5,False,สีลม
C02216,เกศ,หญิง,18-24,B04,2026-03-26,2,False,บางนา
C02217,ภูมิ,ชาย,25-34,B05,2025-07-07,3,False,มหาวิทยาลัย
C02218,ศิริ,ชาย,45-54,B05,2025-10-02,5,False,มหาวิทยาลัย
C02219,นภัส,หญิง,18-24,B02,2026-09-08,2,False,สีลม
C02220,ปวีณ,หญิง,25-34,B04,2025-11-17,3,False,บางนา
C02221,ปิยะ,หญิง,25-34,B01,2026-04-07,3,False,สยาม
C02222,วรรณ,หญิง,25-34,B02,2026-08-25,3,False,สีลม
C02223,จิรา,ชาย,25-34,B03,2026-08-05,3,False,อารีย์
C02224,ทิพย์,หญิง,25-34,B05,2025-12-14,3,False,มหาวิทยาลัย
C02225,ธนา,หญิง,25-34,B05,2025-07-23,3,False,มหาวิทยาลัย
C02226,สมชาย,ชาย,35-44,B01,2026-05-25,4,False,สยาม
C02227,ภัทร,ชาย,55+,B05,2025-11-23,6,False,มหาวิทยาลัย
C02228,รัตนา,หญิง,45-54,B05,2026-01-08,5,False,มหาวิทยาลัย
C02229,ทิพย์,หญิง,25-34,B05,2026-06-14,3,False,มหาวิทยาลัย
C02230,สุดา,หญิง,18-24,B02,2026-03-16,2,False,สีลม
C02231,ณัฐ,ชาย,25-34,B04,2026-07-08,3,False,บางนา
C02232,นภัส,หญิง,35-44,B04,2026-03-10,4,False,บางนา
C02233,ณัฐ,หญิง,35-44,B03,2026-03-23,4,False,อารีย์
C02234,รัตนา,ชาย,18-24,B01,2025-10-28,2,False,สยาม
C02235,กมล,หญิง,55+,B02,2025-08-15,6,False,สีลม
C02236,อัญชลี,หญิง,25-34,B05,2025-10-06,3,False,มหาวิทยาลัย
C02237,ปิยะ,หญิง,18-24,B02,2025-07-27,2,False,สีลม
C02238,วีระ,หญิง,25-34,B01,2026-04-18,3,False,สยาม
C02239,สมชาย,หญิง,25-34,B01,2025-12-31,3,False,สยาม
C02240,อัญชลี,ชาย,35-44,B04,2025-06-02,4,False,บางนา
C02241,จิรา,ชาย,35-44,B05,2026-01-03,4,False,มหาวิทยาลัย
C02242,ธนา,ไม่ระบุ,45-54,B01,2026-07-05,5,False,สยาม
C02243,ภูมิ,หญิง,35-44,B02,2025-07-28,4,False,สีลม
C02244,กมล,ไม่ระบุ,55+,B02,2025-05-04,6,False,สีลม
C02245,กิตติ,ชาย,18-24,B02,2026-09-03,2,False,สีลม
C02246,กมล,หญิง,25-34,B01,2026-01-12,3,False,สยาม
C02247,จิรา,ชาย,25-34,B05,2026-03-16,3,False,มหาวิทยาลัย
C02248,อัญชลี,ชาย,35-44,B02,2026-03-15,4,False,สีลม
C02249,ณัฐ,หญิง,35-44,B04,2025-05-29,4,False,บางนา
C02250,กมล,ชาย,25-34,B05,2025-08-24,3,False,มหาวิทยาลัย
C02251,วรรณ,ชาย,35-44,B02,2026-01-31,4,False,สีลม
C02252,วรรณ,หญิง,25-34,B01,2025-09-17,3,False,สยาม
C02253,เกศ,ชาย,45-54,B05,2026-01-28,5,False,มหาวิทยาลัย
C02254,รัตนา,หญิง,25-34,B05,2026-01-23,3,False,มหาวิทยาลัย
C02255,ศิริ,หญิง,25-34,B01,2025-08-20,3,False,สยาม
C02256,กิตติ,หญิง,25-34,B02,2025-09-29,3,False,สีลม
C02257,ปวีณ,หญิง,25-34,B05,2026-01-04,3,False,มหาวิทยาลัย
C02258,นภัส,หญิง,25-34,B01,2026-01-03,3,False,สยาม
C02259,วีระ,หญิง,35-44,B03,2025-11-29,4,False,อารีย์
C02260,สุดา,หญิง,25-34,B03,2025-12-29,3,False,อารีย์
C02261,เกศ,หญิง,25-34,B02,2025-04-10,3,False,สีลม
C02262,ธีร,หญิง,18-24,B05,2025-04-26,2,False,มหาวิทยาลัย
C02263,เกศ,ชาย,35-44,B03,2026-06-30,4,False,อารีย์
C02264,อรุณ,ชาย,55+,B05,2025-11-17,6,False,มหาวิทยาลัย
C02265,รัตนา,หญิง,35-44,B04,2026-04-13,4,False,บางนา
C02266,มานพ,หญิง,45-54,B02,2026-08-22,5,False,สีลม
C02267,ปิยะ,ชาย,25-34,B01,2025-05-04,3,False,สยาม
C02268,ศิริ,หญิง,45-54,B04,2025-09-21,5,False,บางนา
C02269,จิรา,ชาย,18-24,B02,2026-03-28,2,False,สีลม
C02270,นภัส,ชาย,55+,B03,2026-01-13,6,False,อารีย์
C02271,ทิพย์,ชาย,45-54,B01,2025-09-07,5,False,สยาม
C02272,ณัฐ,ไม่ระบุ,55+,B05,2025-07-15,6,False,มหาวิทยาลัย
C02273,รัตนา,หญิง,25-34,B05,2025-08-07,3,False,มหาวิทยาลัย
C02274,ปิยะ,หญิง,ต่ำกว่า 18,B05,2025-07-27,1,True,มหาวิทยาลัย
C02275,ศิริ,ไม่ระบุ,35-44,B04,2026-01-26,4,False,บางนา
C02276,กมล,ชาย,18-24,B01,2026-08-17,2,False,สยาม
C02277,ทิพย์,หญิง,35-44,B05,2026-08-24,4,False,มหาวิทยาลัย
C02278,วีระ,ชาย,25-34,B01,2026-05-14,3,False,สยาม
C02279,นภัส,ชาย,18-24,B02,2026-07-14,2,False,สีลม
C02280,รัตนา,ชาย,25-34,B02,2025-09-15,3,False,สีลม
C02281,กมล,หญิง,18-24,B03,2026-03-08,2,False,อารีย์
C02282,ปวีณ,หญิง,25-34,B02,2025-05-08,3,False,สีลม
C02283,กมล,ชาย,18-24,B02,2025-12-28,2,False,สีลม
C02284,อรุณ,หญิง,18-24,B04,2025-04-18,2,False,บางนา
C02285,ปิยะ,ชาย,ต่ำกว่า 18,B03,2025-11-01,1,True,อารีย์
C02286,สุดา,ชาย,35-44,B01,2025-07-02,4,False,สยาม
C02287,นภัส,ชาย,35-44,B01,2026-04-11,4,False,สยาม
C02288,ณัฐ,หญิง,25-34,B01,2026-08-09,3,False,สยาม
C02289,จิรา,ชาย,25-34,B05,2026-06-03,3,False,มหาวิทยาลัย
C02290,ณัฐ,ชาย,35-44,B02,2025-04-13,4,False,สีลม
C02291,ธนา,หญิง,55+,B05,2026-07-05,6,False,มหาวิทยาลัย
C02292,ปวีณ,หญิง,45-54,B03,2026-02-27,5,False,อารีย์
C02293,ศิริ,ชาย,25-34,B03,2026-03-28,3,False,อารีย์
C02294,อรุณ,หญิง,55+,B01,2025-05-24,6,False,สยาม
C02295,อัญชลี,หญิง,35-44,B01,2026-06-13,4,False,สยาม
C02296,นภัส,หญิง,25-34,B03,2026-02-02,3,False,อารีย์
C02297,ทิพย์,ชาย,35-44,B01,2026-01-31,4,False,สยาม
C02298,วีระ,ชาย,35-44,B05,2026-05-22,4,False,มหาวิทยาลัย
C02299,นภัส,ชาย,55+,B04,2025-09-12,6,False,บางนา
C02300,ภัทร,หญิง,25-34,B01,2025-09-15,3,False,สยาม
C02301,กิตติ,หญิง,25-34,B02,2026-04-09,3,False,สีลม
C02302,อรุณ,ชาย,ต่ำกว่า 18,B04,2025-08-16,1,True,บางนา
C02303,ชนา,ชาย,25-34,B04,2025-12-15,3,False,บางนา
C02304,วรรณ,ชาย,18-24,B04,2026-02-12,2,False,บางนา
C02305,ศิริ,หญิง,35-44,B05,2025-06-17,4,False,มหาวิทยาลัย
C02306,มานพ,หญิง,45-54,B01,2026-03-24,5,False,สยาม
C02307,ภูมิ,ชาย,45-54,B05,2025-04-27,5,False,มหาวิทยาลัย
C02308,นภัส,หญิง,18-24,B03,2026-01-12,2,False,อารีย์
C02309,กิตติ,หญิง,25-34,B05,2025-06-27,3,False,มหาวิทยาลัย
C02310,กิตติ,หญิง,35-44,B01,2025-07-13,4,False,สยาม
C02311,ณัฐ,ชาย,18-24,B01,2025-06-23,2,False,สยาม
C02312,พิม,หญิง,25-34,B05,2026-01-29,3,False,มหาวิทยาลัย
C02313,อรุณ,ชาย,25-34,B04,2025-07-02,3,False,บางนา
C02314,เกศ,หญิง,18-24,B02,2026-02-28,2,False,สีลม
C02315,สุดา,ชาย,25-34,B02,2026-03-16,3,False,สีลม
C02316,กมล,ไม่ระบุ,45-54,B05,2025-05-30,5,False,มหาวิทยาลัย
C02317,ณัฐ,หญิง,18-24,B04,2025-05-04,2,False,บางนา
C02318,เกศ,หญิง,55+,B04,2026-04-05,6,False,บางนา
C02319,ทิพย์,หญิง,35-44,B05,2026-04-01,4,False,มหาวิทยาลัย
C02320,ณัฐ,ชาย,55+,B05,2025-06-23,6,False,มหาวิทยาลัย
C02321,ธีร,ชาย,25-34,B03,2026-05-06,3,False,อารีย์
C02322,อรุณ,หญิง,35-44,B05,2025-05-25,4,False,มหาวิทยาลัย
C02323,เกศ,หญิง,45-54,B04,2025-11-05,5,False,บางนา
C02324,มานพ,หญิง,18-24,B03,2026-06-24,2,False,อารีย์
C02325,พิม,หญิง,45-54,B01,2025-11-01,5,False,สยาม
C02326,เกศ,ชาย,18-24,B04,2026-02-17,2,False,บางนา
C02327,ทิพย์,หญิง,35-44,B04,2026-06-29,4,False,บางนา
C02328,มานพ,ชาย,25-34,B01,2025-09-09,3,False,สยาม
C02329,พิม,หญิง,55+,B05,2026-04-11,6,False,มหาวิทยาลัย
C02330,รัตนา,หญิง,25-34,B05,2025-04-04,3,False,มหาวิทยาลัย
C02331,กมล,ชาย,35-44,B05,2026-03-13,4,False,มหาวิทยาลัย
C02332,ปวีณ,ชาย,25-34,B03,2026-02-02,3,False,อารีย์
C02333,ชนา,ชาย,25-34,B05,2025-11-11,3,False,มหาวิทยาลัย
C02334,วรรณ,ชาย,35-44,B01,2026-04-03,4,False,สยาม
C02335,วรรณ,ไม่ระบุ,18-24,B05,2025-07-03,2,False,มหาวิทยาลัย
C02336,รัตนา,ชาย,18-24,B01,2025-04-17,2,False,สยาม
C02337,สุดา,ชาย,25-34,B02,2026-01-05,3,False,สีลม
C02338,พิม,หญิง,35-44,B01,2026-08-25,4,False,สยาม
C02339,ธีร,หญิง,25-34,B02,2025-12-08,3,False,สีลม
C02340,กิตติ,หญิง,18-24,B01,2026-01-06,2,False,สยาม
C02341,อัญชลี,หญิง,45-54,B03,2026-06-04,5,False,อารีย์
C02342,สุดา,ชาย,25-34,B02,2026-04-16,3,False,สีลม
C02343,ณัฐ,หญิง,18-24,B03,2026-03-13,2,False,อารีย์
C02344,ภัทร,ชาย,35-44,B04,2025-08-23,4,False,บางนา
C02345,อัญชลี,ไม่ระบุ,35-44,B01,2026-06-14,4,False,สยาม
C02346,รัตนา,หญิง,18-24,B05,2025-11-06,2,False,มหาวิทยาลัย
C02347,ธีร,ชาย,35-44,B02,2025-12-28,4,False,สีลม
C02348,อัญชลี,หญิง,25-34,B03,2026-01-01,3,False,อารีย์
C02349,ธนา,หญิง,25-34,B05,2025-04-09,3,False,มหาวิทยาลัย
C02350,กมล,หญิง,35-44,B02,2026-01-05,4,False,สีลม
C02351,กิตติ,หญิง,25-34,B05,2025-05-30,3,False,มหาวิทยาลัย
C02352,ชนา,หญิง,35-44,B05,2026-09-13,4,False,มหาวิทยาลัย
C02353,อรุณ,หญิง,55+,B05,2026-08-12,6,False,มหาวิทยาลัย
C02354,กมล,ชาย,18-24,B05,2025-07-27,2,False,มหาวิทยาลัย
C02355,นภัส,ชาย,18-24,B05,2026-07-24,2,False,มหาวิทยาลัย
C02356,พิม,ไม่ระบุ,35-44,B01,2025-07-28,4,False,สยาม
C02357,ณัฐ,ชาย,35-44,B05,2026-06-25,4,False,มหาวิทยาลัย
C02358,อรุณ,ชาย,18-24,B01,2025-04-07,2,False,สยาม
C02359,รัตนา,ชาย,25-34,B01,2025-08-14,3,False,สยาม
C02360,ธนา,ชาย,25-34,B01,2026-02-27,3,False,สยาม
C02361,ศิริ,หญิง,45-54,B05,2025-11-09,5,False,มหาวิทยาลัย
C02362,ปวีณ,ชาย,35-44,B01,2025-07-18,4,False,สยาม
C02363,สุดา,ชาย,55+,B02,2025-11-30,6,False,สีลม
C02364,ธนา,ชาย,25-34,B01,2025-06-23,3,False,สยาม
C02365,ปวีณ,หญิง,35-44,B04,2026-06-21,4,False,บางนา
C02366,กมล,ชาย,45-54,B03,2026-01-25,5,False,อารีย์
C02367,สุดา,หญิง,25-34,B04,2026-05-21,3,False,บางนา
C02368,ปวีณ,หญิง,45-54,B04,2025-11-17,5,False,บางนา
C02369,ธนา,ชาย,25-34,B01,2026-05-21,3,False,สยาม
C02370,สุดา,หญิง,25-34,B03,2026-01-31,3,False,อารีย์
C02371,ทิพย์,หญิง,18-24,B05,2025-06-10,2,False,มหาวิทยาลัย
C02372,กมล,หญิง,18-24,B05,2025-05-18,2,False,มหาวิทยาลัย
C02373,พิม,หญิง,25-34,B04,2025-05-09,3,False,บางนา
C02374,ชนา,ชาย,35-44,B05,2025-12-18,4,False,มหาวิทยาลัย
C02375,อัญชลี,ชาย,45-54,B04,2026-04-07,5,False,บางนา
C02376,ศิริ,หญิง,45-54,B05,2026-07-06,5,False,มหาวิทยาลัย
C02377,ภัทร,หญิง,18-24,B02,2025-10-23,2,False,สีลม
C02378,รัตนา,ชาย,45-54,B03,2026-07-10,5,False,อารีย์
C02379,ชนา,หญิง,35-44,B01,2026-06-13,4,False,สยาม
C02380,กมล,ชาย,45-54,B02,2026-03-08,5,False,สีลม
C02381,ปิยะ,ชาย,18-24,B01,2026-03-15,2,False,สยาม
C02382,อรุณ,ชาย,25-34,B03,2026-03-01,3,False,อารีย์
C02383,ภูมิ,ชาย,18-24,B01,2026-04-28,2,False,สยาม
C02384,กมล,ชาย,18-24,B01,2026-06-19,2,False,สยาม
C02385,วีระ,หญิง,35-44,B03,2026-05-13,4,False,อารีย์
C02386,ธนา,ชาย,35-44,B03,2026-05-21,4,False,อารีย์
C02387,ปิยะ,หญิง,45-54,B05,2025-04-17,5,False,มหาวิทยาลัย
C02388,ศิริ,หญิง,55+,B05,2025-06-01,6,False,มหาวิทยาลัย
C02389,อรุณ,ชาย,18-24,B03,2026-04-29,2,False,อารีย์
C02390,ปิยะ,หญิง,18-24,B04,2026-05-29,2,False,บางนา
C02391,นภัส,ชาย,25-34,B05,2025-12-02,3,False,มหาวิทยาลัย
C02392,เกศ,ชาย,55+,B04,2025-12-15,6,False,บางนา
C02393,รัตนา,ชาย,55+,B01,2025-10-06,6,False,สยาม
C02394,พิม,หญิง,18-24,B03,2026-03-28,2,False,อารีย์
C02395,วรรณ,ชาย,18-24,B04,2026-06-09,2,False,บางนา
C02396,สุดา,หญิง,25-34,B03,2025-11-14,3,False,อารีย์
C02397,ศิริ,หญิง,45-54,B03,2026-05-05,5,False,อารีย์
C02398,เกศ,หญิง,35-44,B05,2025-05-15,4,False,มหาวิทยาลัย
C02399,กมล,ชาย,18-24,B02,2025-09-30,2,False,สีลม
C02400,เกศ,หญิง,25-34,B01,2026-07-10,3,False,สยาม
C02401,ศิริ,หญิง,18-24,B02,2026-01-06,2,False,สีลม
C02402,ปวีณ,ชาย,55+,B01,2025-10-15,6,False,สยาม
C02403,ปวีณ,หญิง,ต่ำกว่า 18,B01,2026-01-10,1,True,สยาม
C02404,อรุณ,ชาย,25-34,B04,2025-08-01,3,False,บางนา
C02405,ทิพย์,ชาย,55+,B04,2025-09-22,6,False,บางนา
C02406,ปิยะ,ชาย,35-44,B02,2025-12-19,4,False,สีลม
C02407,สมชาย,หญิง,18-24,B04,2025-12-06,2,False,บางนา
C02408,ทิพย์,ชาย,ต่ำกว่า 18,B05,2026-04-22,1,True,มหาวิทยาลัย
C02409,นภัส,ไม่ระบุ,45-54,B05,2026-06-25,5,False,มหาวิทยาลัย
C02410,อรุณ,หญิง,35-44,B03,2026-01-07,4,False,อารีย์
C02411,มานพ,หญิง,55+,B02,2025-10-20,6,False,สีลม
C02412,อัญชลี,ชาย,45-54,B03,2026-01-06,5,False,อารีย์
C02413,จิรา,หญิง,18-24,B03,2026-07-06,2,False,อารีย์
C02414,มานพ,หญิง,25-34,B02,2026-06-30,3,False,สีลม
C02415,นภัส,ชาย,25-34,B05,2026-08-10,3,False,มหาวิทยาลัย
C02416,ณัฐ,ชาย,18-24,B05,2026-01-13,2,False,มหาวิทยาลัย
C02417,ภูมิ,หญิง,25-34,B03,2026-07-18,3,False,อารีย์
C02418,ทิพย์,หญิง,55+,B03,2026-02-15,6,False,อารีย์
C02419,ธนา,ชาย,35-44,B05,2025-04-20,4,False,มหาวิทยาลัย
C02420,สุดา,หญิง,45-54,B01,2025-09-16,5,False,สยาม
C02421,ภูมิ,ชาย,25-34,B01,2025-07-10,3,False,สยาม
C02422,ปวีณ,หญิง,45-54,B03,2026-06-09,5,False,อารีย์
C02423,ภูมิ,หญิง,25-34,B04,2025-10-24,3,False,บางนา
C02424,นภัส,ชาย,35-44,B05,2025-08-18,4,False,มหาวิทยาลัย
C02425,ปิยะ,หญิง,35-44,B04,2025-10-25,4,False,บางนา
C02426,ทิพย์,ชาย,18-24,B02,2025-09-04,2,False,สีลม
C02427,กิตติ,ชาย,25-34,B01,2026-08-13,3,False,สยาม
C02428,ภูมิ,ชาย,55+,B01,2025-04-28,6,False,สยาม
C02429,สมชาย,หญิง,35-44,B02,2026-04-23,4,False,สีลม
C02430,ศิริ,ชาย,18-24,B05,2025-11-18,2,False,มหาวิทยาลัย
C02431,ชนา,หญิง,18-24,B05,2026-08-22,2,False,มหาวิทยาลัย
C02432,ศิริ,หญิง,ต่ำกว่า 18,B04,2025-10-13,1,True,บางนา
C02433,จิรา,หญิง,45-54,B05,2026-04-12,5,False,มหาวิทยาลัย
C02434,ธีร,ชาย,18-24,B05,2025-06-24,2,False,มหาวิทยาลัย
C02435,ชนา,ชาย,18-24,B05,2025-09-29,2,False,มหาวิทยาลัย
C02436,พิม,ชาย,18-24,B03,2026-06-10,2,False,อารีย์
C02437,รัตนา,ชาย,ต่ำกว่า 18,B05,2025-08-08,1,True,มหาวิทยาลัย
C02438,ทิพย์,หญิง,18-24,B03,2025-12-05,2,False,อารีย์
C02439,ปวีณ,หญิง,ต่ำกว่า 18,B01,2026-03-19,1,True,สยาม
C02440,ภัทร,หญิง,25-34,B03,2026-01-24,3,False,อารีย์
C02441,รัตนา,หญิง,35-44,B05,2026-04-10,4,False,มหาวิทยาลัย
C02442,มานพ,ชาย,35-44,B03,2025-12-29,4,False,อารีย์
C02443,ภูมิ,ชาย,25-34,B04,2026-08-21,3,False,บางนา
C02444,ชนา,หญิง,18-24,B05,2026-04-14,2,False,มหาวิทยาลัย
C02445,เกศ,หญิง,55+,B01,2026-02-15,6,False,สยาม
C02446,รัตนา,หญิง,25-34,B01,2025-04-02,3,False,สยาม
C02447,จิรา,ชาย,18-24,B03,2026-05-21,2,False,อารีย์
C02448,นภัส,หญิง,35-44,B02,2026-05-11,4,False,สีลม
C02449,นภัส,หญิง,55+,B02,2026-01-24,6,False,สีลม
C02450,ณัฐ,หญิง,45-54,B02,2025-10-09,5,False,สีลม
C02451,ชนา,ชาย,25-34,B05,2026-04-09,3,False,มหาวิทยาลัย
C02452,เกศ,หญิง,18-24,B05,2025-12-12,2,False,มหาวิทยาลัย
C02453,จิรา,หญิง,45-54,B02,2026-06-13,5,False,สีลม
C02454,พิม,หญิง,25-34,B03,2026-04-23,3,False,อารีย์
C02455,วรรณ,หญิง,45-54,B02,2026-05-31,5,False,สีลม
C02456,ภัทร,ชาย,35-44,B01,2025-09-21,4,False,สยาม
C02457,วรรณ,หญิง,35-44,B03,2026-09-01,4,False,อารีย์
C02458,นภัส,หญิง,45-54,B02,2026-03-16,5,False,สีลม
C02459,เกศ,หญิง,45-54,B05,2026-07-29,5,False,มหาวิทยาลัย
C02460,ณัฐ,หญิง,55+,B01,2026-02-03,6,False,สยาม
C02461,สมชาย,ชาย,18-24,B04,2025-07-28,2,False,บางนา
C02462,สุดา,หญิง,35-44,B01,2026-04-20,4,False,สยาม
C02463,กิตติ,ชาย,ต่ำกว่า 18,B04,2026-02-03,1,True,บางนา
C02464,ธนา,ชาย,45-54,B04,2025-11-27,5,False,บางนา
C02465,ภูมิ,หญิง,35-44,B02,2026-08-23,4,False,สีลม
C02466,วีระ,หญิง,25-34,B01,2025-12-31,3,False,สยาม
C02467,นภัส,หญิง,18-24,B02,2026-05-02,2,False,สีลม
C02468,สุดา,หญิง,25-34,B02,2026-08-20,3,False,สีลม
C02469,จิรา,หญิง,18-24,B05,2026-07-05,2,False,มหาวิทยาลัย
C02470,ธนา,ชาย,45-54,B01,2026-07-14,5,False,สยาม
C02471,วีระ,หญิง,25-34,B03,2026-07-06,3,False,อารีย์
C02472,ธีร,ชาย,18-24,B05,2026-08-14,2,False,มหาวิทยาลัย
C02473,ณัฐ,หญิง,25-34,B04,2026-01-20,3,False,บางนา
C02474,กิตติ,ชาย,18-24,B05,2025-11-25,2,False,มหาวิทยาลัย
C02475,ธีร,ชาย,35-44,B01,2026-08-06,4,False,สยาม
C02476,ชนา,ชาย,35-44,B02,2026-05-03,4,False,สีลม
C02477,ทิพย์,หญิง,ต่ำกว่า 18,B01,2025-06-22,1,True,สยาม
C02478,วรรณ,ชาย,25-34,B04,2025-12-03,3,False,บางนา
C02479,วรรณ,ชาย,18-24,B05,2026-06-09,2,False,มหาวิทยาลัย
C02480,อรุณ,หญิง,35-44,B01,2025-07-01,4,False,สยาม
C02481,ปิยะ,หญิง,25-34,B04,2026-01-19,3,False,บางนา
C02482,จิรา,หญิง,18-24,B04,2025-07-11,2,False,บางนา
C02483,สมชาย,หญิง,18-24,B01,2026-03-12,2,False,สยาม
C02484,ภัทร,หญิง,35-44,B05,2026-01-29,4,False,มหาวิทยาลัย
C02485,ปวีณ,หญิง,55+,B05,2025-08-26,6,False,มหาวิทยาลัย
C02486,นภัส,หญิง,18-24,B01,2025-05-29,2,False,สยาม
C02487,อัญชลี,หญิง,45-54,B02,2026-09-04,5,False,สีลม
C02488,มานพ,หญิง,25-34,B03,2026-01-13,3,False,อารีย์
C02489,จิรา,หญิง,35-44,B05,2026-07-06,4,False,มหาวิทยาลัย
C02490,กมล,หญิง,35-44,B04,2025-05-17,4,False,บางนา
C02491,ธนา,ไม่ระบุ,18-24,B01,2025-12-29,2,False,สยาม
C02492,ภัทร,หญิง,18-24,B01,2025-05-25,2,False,สยาม
C02493,ภัทร,หญิง,18-24,B05,2025-08-24,2,False,มหาวิทยาลัย
C02494,นภัส,ไม่ระบุ,35-44,B05,2026-06-11,4,False,มหาวิทยาลัย
C02495,ภูมิ,หญิง,18-24,B05,2026-07-24,2,False,มหาวิทยาลัย
C02496,ชนา,ชาย,35-44,B03,2026-05-24,4,False,อารีย์
C02497,ภูมิ,หญิง,25-34,B02,2026-08-14,3,False,สีลม
C02498,นภัส,ชาย,25-34,B01,2025-11-14,3,False,สยาม
C02499,ภัทร,หญิง,18-24,B02,2026-06-24,2,False,สีลม
C02500,ภูมิ,ชาย,35-44,B04,2025-07-29,4,False,บางนา
C02501,ณัฐ,หญิง,25-34,B02,2025-12-07,3,False,สีลม
C02502,วรรณ,หญิง,35-44,B03,2026-08-31,4,False,อารีย์
C02503,จิรา,หญิง,25-34,B01,2025-04-20,3,False,สยาม
C02504,ปวีณ,หญิง,35-44,B01,2025-04-04,4,False,สยาม
C02505,ธนา,หญิง,ต่ำกว่า 18,B01,2026-08-05,1,True,สยาม
C02506,กิตติ,ชาย,25-34,B04,2026-09-06,3,False,บางนา
C02507,ธีร,ชาย,25-34,B03,2025-12-03,3,False,อารีย์
C02508,อัญชลี,หญิง,55+,B01,2026-01-30,6,False,สยาม
C02509,วรรณ,หญิง,35-44,B05,2025-09-20,4,False,มหาวิทยาลัย
C02510,ศิริ,ชาย,55+,B04,2025-12-27,6,False,บางนา
C02511,ธีร,หญิง,25-34,B01,2026-08-16,3,False,สยาม
C02512,นภัส,ชาย,18-24,B02,2025-12-24,2,False,สีลม
C02513,สมชาย,ชาย,25-34,B05,2026-02-26,3,False,มหาวิทยาลัย
C02514,ธนา,ชาย,25-34,B01,2026-02-01,3,False,สยาม
C02515,มานพ,หญิง,18-24,B01,2025-09-07,2,False,สยาม
C02516,กิตติ,หญิง,25-34,B02,2026-01-25,3,False,สีลม
C02517,นภัส,หญิง,18-24,B01,2026-08-07,2,False,สยาม
C02518,ปิยะ,ไม่ระบุ,45-54,B04,2026-08-10,5,False,บางนา
C02519,วีระ,หญิง,18-24,B02,2026-06-19,2,False,สีลม
C02520,นภัส,ชาย,55+,B03,2026-05-04,6,False,อารีย์
C02521,สุดา,หญิง,25-34,B04,2025-04-14,3,False,บางนา
C02522,พิม,หญิง,35-44,B02,2025-12-23,4,False,สีลม
C02523,ธีร,หญิง,25-34,B05,2025-05-03,3,False,มหาวิทยาลัย
C02524,เกศ,ชาย,18-24,B05,2025-09-09,2,False,มหาวิทยาลัย
C02525,ภูมิ,ไม่ระบุ,35-44,B03,2026-03-23,4,False,อารีย์
C02526,อัญชลี,หญิง,25-34,B03,2026-01-26,3,False,อารีย์
C02527,ณัฐ,ชาย,18-24,B01,2025-11-09,2,False,สยาม
C02528,มานพ,หญิง,35-44,B04,2025-07-06,4,False,บางนา
C02529,อัญชลี,หญิง,55+,B05,2026-05-28,6,False,มหาวิทยาลัย
C02530,ปิยะ,หญิง,25-34,B03,2026-02-01,3,False,อารีย์
C02531,ปวีณ,หญิง,35-44,B02,2025-05-20,4,False,สีลม
C02532,ณัฐ,หญิง,18-24,B01,2026-06-20,2,False,สยาม
C02533,สมชาย,ชาย,25-34,B03,2026-01-20,3,False,อารีย์
C02534,วรรณ,หญิง,45-54,B01,2025-04-26,5,False,สยาม
C02535,วีระ,ชาย,25-34,B01,2025-12-12,3,False,สยาม
C02536,ธีร,ชาย,25-34,B01,2026-06-06,3,False,สยาม
C02537,ปวีณ,หญิง,18-24,B05,2026-07-26,2,False,มหาวิทยาลัย
C02538,ปวีณ,ชาย,45-54,B04,2025-08-15,5,False,บางนา
C02539,ณัฐ,หญิง,25-34,B05,2025-12-03,3,False,มหาวิทยาลัย
C02540,วีระ,ชาย,18-24,B03,2026-01-24,2,False,อารีย์
C02541,รัตนา,ชาย,25-34,B04,2025-10-10,3,False,บางนา
C02542,อัญชลี,ชาย,55+,B03,2026-02-19,6,False,อารีย์
C02543,จิรา,หญิง,18-24,B02,2025-05-18,2,False,สีลม
C02544,ธีร,ชาย,18-24,B01,2026-05-09,2,False,สยาม
C02545,วีระ,ชาย,18-24,B04,2026-05-06,2,False,บางนา
C02546,กิตติ,ชาย,18-24,B03,2026-07-24,2,False,อารีย์
C02547,วรรณ,หญิง,35-44,B03,2026-06-07,4,False,อารีย์
C02548,เกศ,หญิง,35-44,B05,2026-03-07,4,False,มหาวิทยาลัย
C02549,ทิพย์,ชาย,18-24,B05,2026-07-27,2,False,มหาวิทยาลัย
C02550,ภัทร,หญิง,55+,B02,2026-07-08,6,False,สีลม
C02551,มานพ,หญิง,25-34,B02,2026-09-13,3,False,สีลม
C02552,พิม,หญิง,55+,B03,2026-06-05,6,False,อารีย์
C02553,กมล,หญิง,55+,B02,2025-09-15,6,False,สีลม
C02554,ธนา,หญิง,25-34,B02,2026-07-26,3,False,สีลม
C02555,ธนา,ชาย,25-34,B01,2026-07-19,3,False,สยาม
C02556,วีระ,หญิง,18-24,B01,2026-08-03,2,False,สยาม
C02557,ปิยะ,หญิง,55+,B04,2025-08-02,6,False,บางนา
C02558,ภัทร,ชาย,45-54,B03,2026-08-23,5,False,อารีย์
C02559,มานพ,ชาย,18-24,B02,2025-11-22,2,False,สีลม
C02560,ธีร,หญิง,45-54,B04,2026-01-14,5,False,บางนา
C02561,สมชาย,ชาย,25-34,B01,2025-10-14,3,False,สยาม
C02562,ธนา,หญิง,35-44,B05,2025-08-20,4,False,มหาวิทยาลัย
C02563,ธนา,ชาย,35-44,B01,2026-05-28,4,False,สยาม
C02564,ปวีณ,ชาย,18-24,B04,2026-01-04,2,False,บางนา
C02565,ปิยะ,หญิง,25-34,B01,2025-12-11,3,False,สยาม
C02566,ศิริ,หญิง,35-44,B05,2026-08-04,4,False,มหาวิทยาลัย
C02567,ปวีณ,หญิง,55+,B05,2026-04-08,6,False,มหาวิทยาลัย
C02568,ธนา,หญิง,35-44,B02,2025-07-28,4,False,สีลม
C02569,มานพ,ชาย,45-54,B02,2026-09-04,5,False,สีลม
C02570,ธนา,ชาย,18-24,B05,2026-03-01,2,False,มหาวิทยาลัย
C02571,พิม,ชาย,25-34,B05,2026-01-23,3,False,มหาวิทยาลัย
C02572,รัตนา,ชาย,35-44,B05,2025-11-22,4,False,มหาวิทยาลัย
C02573,ธีร,หญิง,45-54,B02,2025-07-22,5,False,สีลม
C02574,ภัทร,หญิง,25-34,B01,2025-08-19,3,False,สยาม
C02575,ศิริ,หญิง,25-34,B04,2025-10-01,3,False,บางนา
C02576,ภัทร,หญิง,18-24,B04,2025-07-28,2,False,บางนา
C02577,ปิยะ,หญิง,35-44,B01,2025-08-13,4,False,สยาม
C02578,ชนา,ชาย,18-24,B03,2026-07-13,2,False,อารีย์
C02579,ภูมิ,หญิง,25-34,B02,2025-07-08,3,False,สีลม
C02580,ปวีณ,ชาย,35-44,B03,2026-05-27,4,False,อารีย์
C02581,มานพ,ชาย,25-34,B03,2026-06-13,3,False,อารีย์
C02582,ปิยะ,หญิง,25-34,B03,2026-01-29,3,False,อารีย์
C02583,ศิริ,ชาย,18-24,B03,2026-06-18,2,False,อารีย์
C02584,ณัฐ,ชาย,35-44,B03,2026-06-19,4,False,อารีย์
C02585,ทิพย์,หญิง,35-44,B01,2025-08-09,4,False,สยาม
C02586,นภัส,หญิง,25-34,B02,2026-07-22,3,False,สีลม
C02587,เกศ,หญิง,25-34,B04,2025-10-03,3,False,บางนา
C02588,ศิริ,ชาย,35-44,B04,2025-08-17,4,False,บางนา
C02589,ชนา,หญิง,18-24,B05,2026-04-23,2,False,มหาวิทยาลัย
C02590,ชนา,หญิง,18-24,B02,2026-04-20,2,False,สีลม
C02591,อรุณ,หญิง,18-24,B03,2026-09-10,2,False,อารีย์
C02592,พิม,หญิง,45-54,B01,2026-07-11,5,False,สยาม
C02593,จิรา,ชาย,45-54,B02,2026-07-22,5,False,สีลม
C02594,จิรา,หญิง,25-34,B04,2025-09-26,3,False,บางนา
C02595,ชนา,ชาย,18-24,B05,2026-08-30,2,False,มหาวิทยาลัย
C02596,ธีร,ชาย,35-44,B02,2025-05-04,4,False,สีลม
C02597,นภัส,หญิง,35-44,B03,2026-07-27,4,False,อารีย์
C02598,ชนา,หญิง,35-44,B01,2026-01-16,4,False,สยาม
C02599,อรุณ,หญิง,35-44,B01,2026-04-16,4,False,สยาม
C02600,ปวีณ,หญิง,35-44,B01,2025-10-23,4,False,สยาม
C02601,รัตนา,หญิง,18-24,B01,2025-10-26,2,False,สยาม
C02602,อรุณ,ชาย,25-34,B01,2026-08-12,3,False,สยาม
C02603,กมล,หญิง,25-34,B02,2025-06-10,3,False,สีลม
C02604,ธีร,ชาย,45-54,B01,2025-04-19,5,False,สยาม
C02605,ทิพย์,ชาย,18-24,B01,2025-05-08,2,False,สยาม
C02606,มานพ,ชาย,25-34,B02,2025-08-13,3,False,สีลม
C02607,จิรา,หญิง,ต่ำกว่า 18,B03,2026-03-15,1,True,อารีย์
C02608,จิรา,หญิง,25-34,B02,2025-08-09,3,False,สีลม
C02609,ภัทร,หญิง,25-34,B05,2025-08-05,3,False,มหาวิทยาลัย
C02610,ปวีณ,หญิง,25-34,B01,2025-07-08,3,False,สยาม
C02611,พิม,หญิง,55+,B01,2025-08-18,6,False,สยาม
C02612,ภูมิ,หญิง,ต่ำกว่า 18,B04,2026-08-12,1,True,บางนา
C02613,พิม,ไม่ระบุ,25-34,B05,2025-10-23,3,False,มหาวิทยาลัย
C02614,ทิพย์,หญิง,45-54,B02,2026-04-17,5,False,สีลม
C02615,สุดา,หญิง,35-44,B02,2025-05-30,4,False,สีลม
C02616,อรุณ,หญิง,25-34,B03,2026-06-20,3,False,อารีย์
C02617,ภูมิ,หญิง,35-44,B01,2025-09-02,4,False,สยาม
C02618,ภูมิ,หญิง,35-44,B03,2026-04-03,4,False,อารีย์
C02619,จิรา,หญิง,25-34,B05,2026-08-10,3,False,มหาวิทยาลัย
C02620,รัตนา,ชาย,18-24,B04,2026-06-06,2,False,บางนา
C02621,ภัทร,หญิง,25-34,B02,2025-06-23,3,False,สีลม
C02622,สมชาย,หญิง,35-44,B01,2026-01-23,4,False,สยาม
C02623,นภัส,หญิง,25-34,B03,2026-02-05,3,False,อารีย์
C02624,จิรา,หญิง,45-54,B04,2025-11-25,5,False,บางนา
C02625,ศิริ,หญิง,25-34,B01,2026-08-26,3,False,สยาม
C02626,รัตนา,หญิง,25-34,B04,2026-08-18,3,False,บางนา
C02627,สุดา,หญิง,35-44,B02,2026-08-02,4,False,สีลม
C02628,ปวีณ,หญิง,25-34,B01,2025-07-21,3,False,สยาม
C02629,พิม,หญิง,18-24,B05,2025-11-09,2,False,มหาวิทยาลัย
C02630,อัญชลี,หญิง,45-54,B02,2026-06-21,5,False,สีลม
C02631,วีระ,ชาย,18-24,B03,2026-06-23,2,False,อารีย์
C02632,วีระ,ไม่ระบุ,35-44,B02,2025-12-29,4,False,สีลม
C02633,ณัฐ,หญิง,55+,B05,2025-05-17,6,False,มหาวิทยาลัย
C02634,อรุณ,หญิง,18-24,B04,2025-04-14,2,False,บางนา
C02635,อรุณ,หญิง,18-24,B01,2025-06-28,2,False,สยาม
C02636,ปวีณ,หญิง,55+,B01,2025-06-03,6,False,สยาม
C02637,พิม,ชาย,18-24,B03,2026-08-01,2,False,อารีย์
C02638,ศิริ,หญิง,25-34,B04,2025-06-29,3,False,บางนา
C02639,เกศ,หญิง,55+,B04,2026-03-22,6,False,บางนา
C02640,ธีร,ชาย,18-24,B03,2026-03-01,2,False,อารีย์
C02641,ทิพย์,ชาย,18-24,B04,2025-06-30,2,False,บางนา
C02642,นภัส,ชาย,18-24,B05,2026-03-07,2,False,มหาวิทยาลัย
C02643,ปิยะ,หญิง,18-24,B01,2026-02-11,2,False,สยาม
C02644,ธีร,หญิง,ต่ำกว่า 18,B01,2025-07-26,1,True,สยาม
C02645,วีระ,หญิง,25-34,B05,2026-07-07,3,False,มหาวิทยาลัย
C02646,ปวีณ,หญิง,25-34,B04,2025-09-06,3,False,บางนา
C02647,ปวีณ,หญิง,55+,B01,2026-04-18,6,False,สยาม
C02648,จิรา,หญิง,45-54,B04,2025-09-13,5,False,บางนา
C02649,พิม,หญิง,ต่ำกว่า 18,B01,2025-11-25,1,True,สยาม
C02650,วรรณ,ชาย,25-34,B01,2026-05-26,3,False,สยาม
C02651,ปิยะ,ชาย,18-24,B02,2025-04-18,2,False,สีลม
C02652,อรุณ,หญิง,25-34,B02,2025-12-26,3,False,สีลม
C02653,กมล,ชาย,25-34,B05,2026-05-23,3,False,มหาวิทยาลัย
C02654,ปวีณ,หญิง,25-34,B01,2025-09-06,3,False,สยาม
C02655,วีระ,หญิง,18-24,B02,2026-02-13,2,False,สีลม
C02656,ชนา,ชาย,55+,B01,2026-03-19,6,False,สยาม
C02657,เกศ,หญิง,25-34,B01,2026-08-09,3,False,สยาม
C02658,มานพ,ชาย,18-24,B01,2025-11-25,2,False,สยาม
C02659,พิม,ชาย,25-34,B01,2025-05-05,3,False,สยาม
C02660,สุดา,หญิง,45-54,B05,2026-07-10,5,False,มหาวิทยาลัย
C02661,สมชาย,ชาย,25-34,B02,2025-11-29,3,False,สีลม
C02662,ธนา,หญิง,25-34,B05,2026-07-05,3,False,มหาวิทยาลัย
C02663,สมชาย,หญิง,45-54,B02,2026-01-02,5,False,สีลม
C02664,ศิริ,หญิง,18-24,B03,2026-07-19,2,False,อารีย์
C02665,รัตนา,ชาย,55+,B02,2025-12-07,6,False,สีลม
C02666,เกศ,หญิง,55+,B05,2025-11-04,6,False,มหาวิทยาลัย
C02667,ภัทร,หญิง,18-24,B05,2026-01-28,2,False,มหาวิทยาลัย
C02668,สุดา,ชาย,18-24,B01,2026-06-01,2,False,สยาม
C02669,ศิริ,หญิง,25-34,B05,2025-06-05,3,False,มหาวิทยาลัย
C02670,ภัทร,หญิง,45-54,B02,2025-11-27,5,False,สีลม
C02671,ปวีณ,หญิง,18-24,B01,2026-04-18,2,False,สยาม
C02672,ณัฐ,ชาย,25-34,B03,2026-08-16,3,False,อารีย์
C02673,มานพ,หญิง,55+,B01,2025-07-27,6,False,สยาม
C02674,ภูมิ,ชาย,55+,B01,2026-06-13,6,False,สยาม
C02675,ปวีณ,หญิง,35-44,B01,2026-03-10,4,False,สยาม
C02676,กิตติ,ชาย,25-34,B01,2026-05-14,3,False,สยาม
C02677,นภัส,หญิง,18-24,B01,2025-11-01,2,False,สยาม
C02678,กิตติ,หญิง,55+,B04,2026-02-24,6,False,บางนา
C02679,มานพ,ชาย,25-34,B01,2026-05-25,3,False,สยาม
C02680,วีระ,ชาย,45-54,B04,2025-04-12,5,False,บางนา
C02681,ปิยะ,หญิง,35-44,B01,2025-10-22,4,False,สยาม
C02682,อรุณ,หญิง,25-34,B02,2025-06-10,3,False,สีลม
C02683,มานพ,หญิง,18-24,B02,2026-04-16,2,False,สีลม
C02684,กมล,ชาย,25-34,B05,2026-08-21,3,False,มหาวิทยาลัย
C02685,มานพ,หญิง,35-44,B01,2025-07-10,4,False,สยาม
C02686,ทิพย์,ชาย,55+,B05,2026-07-08,6,False,มหาวิทยาลัย
C02687,นภัส,ไม่ระบุ,25-34,B05,2025-08-02,3,False,มหาวิทยาลัย
C02688,อรุณ,ชาย,45-54,B02,2025-07-04,5,False,สีลม
C02689,ภูมิ,ชาย,18-24,B03,2026-05-10,2,False,อารีย์
C02690,กิตติ,หญิง,45-54,B02,2026-05-01,5,False,สีลม
C02691,ศิริ,หญิง,18-24,B02,2025-06-13,2,False,สีลม
C02692,ธีร,หญิง,25-34,B01,2026-03-05,3,False,สยาม
C02693,ณัฐ,หญิง,35-44,B01,2025-11-07,4,False,สยาม
C02694,ทิพย์,ชาย,45-54,B02,2025-12-05,5,False,สีลม
C02695,ธีร,ชาย,18-24,B05,2026-07-05,2,False,มหาวิทยาลัย
C02696,เกศ,ชาย,25-34,B01,2025-04-10,3,False,สยาม
C02697,ชนา,ชาย,25-34,B04,2026-05-02,3,False,บางนา
C02698,กิตติ,ชาย,45-54,B01,2025-07-10,5,False,สยาม
C02699,ธนา,หญิง,25-34,B03,2026-08-03,3,False,อารีย์
C02700,พิม,หญิง,18-24,B04,2026-08-25,2,False,บางนา
C02701,พิม,ไม่ระบุ,18-24,B04,2025-10-05,2,False,บางนา
C02702,ภูมิ,หญิง,25-34,B02,2026-05-15,3,False,สีลม
C02703,สุดา,หญิง,18-24,B04,2026-06-30,2,False,บางนา
C02704,ภัทร,หญิง,45-54,B02,2025-05-11,5,False,สีลม
C02705,ภูมิ,หญิง,25-34,B04,2026-02-04,3,False,บางนา
C02706,ธีร,หญิง,25-34,B03,2026-02-12,3,False,อารีย์
C02707,ณัฐ,ชาย,18-24,B02,2025-10-02,2,False,สีลม
C02708,วีระ,หญิง,45-54,B03,2026-02-21,5,False,อารีย์
C02709,ธีร,หญิง,35-44,B05,2025-06-22,4,False,มหาวิทยาลัย
C02710,สุดา,หญิง,18-24,B02,2026-04-04,2,False,สีลม
C02711,รัตนา,หญิง,45-54,B02,2025-10-18,5,False,สีลม
C02712,อัญชลี,หญิง,25-34,B02,2026-01-11,3,False,สีลม
C02713,ภูมิ,ชาย,18-24,B01,2026-04-29,2,False,สยาม
C02714,กิตติ,หญิง,18-24,B01,2026-05-29,2,False,สยาม
C02715,เกศ,ชาย,35-44,B01,2025-10-09,4,False,สยาม
C02716,ณัฐ,ชาย,18-24,B04,2026-06-19,2,False,บางนา
C02717,ธนา,ไม่ระบุ,35-44,B02,2025-05-13,4,False,สีลม
C02718,จิรา,หญิง,35-44,B02,2026-07-24,4,False,สีลม
C02719,รัตนา,หญิง,ต่ำกว่า 18,B05,2026-07-06,1,True,มหาวิทยาลัย
C02720,ชนา,หญิง,45-54,B02,2025-06-24,5,False,สีลม
C02721,ทิพย์,ชาย,35-44,B05,2025-06-20,4,False,มหาวิทยาลัย
C02722,ปิยะ,หญิง,25-34,B02,2026-09-14,3,False,สีลม
C02723,กิตติ,ชาย,35-44,B02,2025-04-03,4,False,สีลม
C02724,กมล,หญิง,25-34,B02,2026-08-29,3,False,สีลม
C02725,ภูมิ,หญิง,25-34,B05,2025-10-13,3,False,มหาวิทยาลัย
C02726,อัญชลี,ชาย,18-24,B02,2025-09-04,2,False,สีลม
C02727,กมล,ชาย,25-34,B04,2026-03-27,3,False,บางนา
C02728,ธนา,หญิง,18-24,B01,2025-12-11,2,False,สยาม
C02729,กมล,หญิง,35-44,B01,2025-11-12,4,False,สยาม
C02730,อรุณ,หญิง,18-24,B05,2025-09-16,2,False,มหาวิทยาลัย
C02731,วรรณ,หญิง,25-34,B05,2025-04-13,3,False,มหาวิทยาลัย
C02732,พิม,หญิง,35-44,B02,2025-12-16,4,False,สีลม
C02733,สุดา,ชาย,45-54,B05,2026-05-20,5,False,มหาวิทยาลัย
C02734,ธีร,หญิง,25-34,B03,2026-02-20,3,False,อารีย์
C02735,ณัฐ,ชาย,25-34,B05,2025-04-21,3,False,มหาวิทยาลัย
C02736,ชนา,หญิง,25-34,B05,2026-03-21,3,False,มหาวิทยาลัย
C02737,สมชาย,หญิง,45-54,B05,2026-04-30,5,False,มหาวิทยาลัย
C02738,ธนา,หญิง,45-54,B03,2025-11-13,5,False,อารีย์
C02739,อัญชลี,หญิง,25-34,B05,2026-03-19,3,False,มหาวิทยาลัย
C02740,ทิพย์,หญิง,45-54,B02,2025-11-16,5,False,สีลม
C02741,อรุณ,หญิง,18-24,B05,2025-09-05,2,False,มหาวิทยาลัย
C02742,จิรา,ชาย,18-24,B03,2026-04-17,2,False,อารีย์
C02743,ปิยะ,ชาย,55+,B05,2025-04-02,6,False,มหาวิทยาลัย
C02744,เกศ,หญิง,45-54,B04,2026-01-22,5,False,บางนา
C02745,พิม,หญิง,25-34,B02,2025-11-08,3,False,สีลม
C02746,ภัทร,หญิง,ต่ำกว่า 18,B04,2025-07-21,1,True,บางนา
C02747,กิตติ,ชาย,35-44,B02,2026-04-21,4,False,สีลม
C02748,รัตนา,หญิง,35-44,B01,2026-07-11,4,False,สยาม
C02749,ทิพย์,ชาย,18-24,B05,2026-02-06,2,False,มหาวิทยาลัย
C02750,ภัทร,หญิง,18-24,B05,2025-04-06,2,False,มหาวิทยาลัย
C02751,ธีร,ชาย,18-24,B01,2025-10-28,2,False,สยาม
C02752,พิม,ชาย,45-54,B01,2026-06-28,5,False,สยาม
C02753,ธนา,ชาย,18-24,B01,2026-01-07,2,False,สยาม
C02754,พิม,หญิง,18-24,B04,2025-04-06,2,False,บางนา
C02755,ณัฐ,หญิง,18-24,B02,2026-01-24,2,False,สีลม
C02756,กมล,หญิง,25-34,B02,2026-08-18,3,False,สีลม
C02757,วีระ,หญิง,25-34,B01,2025-08-30,3,False,สยาม
C02758,ทิพย์,หญิง,25-34,B02,2026-08-24,3,False,สีลม
C02759,กิตติ,หญิง,25-34,B05,2025-09-30,3,False,มหาวิทยาลัย
C02760,ทิพย์,หญิง,25-34,B02,2026-02-11,3,False,สีลม
C02761,ภูมิ,ชาย,25-34,B04,2025-09-04,3,False,บางนา
C02762,ชนา,ชาย,25-34,B04,2026-08-07,3,False,บางนา
C02763,ภูมิ,ชาย,25-34,B05,2025-09-18,3,False,มหาวิทยาลัย
C02764,นภัส,หญิง,18-24,B01,2025-05-17,2,False,สยาม
C02765,พิม,หญิง,18-24,B01,2026-05-17,2,False,สยาม
C02766,สุดา,ชาย,18-24,B05,2026-05-19,2,False,มหาวิทยาลัย
C02767,กมล,หญิง,45-54,B01,2026-04-05,5,False,สยาม
C02768,สุดา,หญิง,55+,B01,2025-12-20,6,False,สยาม
C02769,มานพ,หญิง,18-24,B03,2026-04-26,2,False,อารีย์
C02770,สุดา,หญิง,45-54,B03,2026-02-21,5,False,อารีย์
C02771,เกศ,ชาย,18-24,B02,2026-09-08,2,False,สีลม
C02772,สมชาย,ไม่ระบุ,18-24,B04,2025-12-05,2,False,บางนา
C02773,วรรณ,หญิง,18-24,B05,2025-12-29,2,False,มหาวิทยาลัย
C02774,ภัทร,ชาย,18-24,B01,2025-08-15,2,False,สยาม
C02775,รัตนา,หญิง,18-24,B05,2025-08-05,2,False,มหาวิทยาลัย
C02776,รัตนา,ชาย,18-24,B05,2026-03-14,2,False,มหาวิทยาลัย
C02777,ศิริ,ชาย,55+,B04,2025-04-07,6,False,บางนา
C02778,พิม,ชาย,45-54,B04,2026-03-23,5,False,บางนา
C02779,ณัฐ,หญิง,35-44,B01,2025-06-28,4,False,สยาม
C02780,สมชาย,หญิง,35-44,B05,2025-06-17,4,False,มหาวิทยาลัย
C02781,ปวีณ,ชาย,25-34,B05,2026-07-23,3,False,มหาวิทยาลัย
C02782,สุดา,ชาย,18-24,B02,2026-02-19,2,False,สีลม
C02783,ภูมิ,ชาย,25-34,B03,2025-11-26,3,False,อารีย์
C02784,วีระ,ชาย,25-34,B05,2026-06-07,3,False,มหาวิทยาลัย
C02785,เกศ,หญิง,25-34,B05,2026-03-31,3,False,มหาวิทยาลัย
C02786,ณัฐ,หญิง,25-34,B04,2026-02-17,3,False,บางนา
C02787,รัตนา,ไม่ระบุ,25-34,B02,2026-02-21,3,False,สีลม
C02788,ภัทร,หญิง,18-24,B01,2025-04-21,2,False,สยาม
C02789,ปวีณ,หญิง,25-34,B05,2026-07-09,3,False,มหาวิทยาลัย
C02790,รัตนา,หญิง,35-44,B02,2025-12-04,4,False,สีลม
C02791,พิม,หญิง,55+,B01,2026-06-28,6,False,สยาม
C02792,อัญชลี,หญิง,45-54,B03,2026-06-15,5,False,อารีย์
C02793,รัตนา,ชาย,25-34,B02,2025-05-27,3,False,สีลม
C02794,ปิยะ,ชาย,25-34,B05,2025-06-25,3,False,มหาวิทยาลัย
C02795,ภัทร,หญิง,18-24,B01,2026-03-22,2,False,สยาม
C02796,เกศ,หญิง,25-34,B05,2025-11-28,3,False,มหาวิทยาลัย
C02797,ณัฐ,ชาย,ต่ำกว่า 18,B05,2025-12-29,1,True,มหาวิทยาลัย
C02798,ภูมิ,ชาย,25-34,B02,2026-08-21,3,False,สีลม
C02799,วีระ,หญิง,18-24,B03,2026-01-05,2,False,อารีย์
C02800,ภัทร,ชาย,55+,B05,2025-11-21,6,False,มหาวิทยาลัย
C02801,กิตติ,ชาย,35-44,B03,2026-08-02,4,False,อารีย์
C02802,วรรณ,หญิง,18-24,B02,2026-05-29,2,False,สีลม
C02803,พิม,หญิง,35-44,B03,2026-05-09,4,False,อารีย์
C02804,ภูมิ,หญิง,25-34,B05,2026-06-10,3,False,มหาวิทยาลัย
C02805,ปวีณ,หญิง,25-34,B01,2025-12-11,3,False,สยาม
C02806,วรรณ,หญิง,35-44,B03,2026-02-16,4,False,อารีย์
C02807,มานพ,ชาย,18-24,B05,2026-01-26,2,False,มหาวิทยาลัย
C02808,รัตนา,ชาย,18-24,B04,2026-04-28,2,False,บางนา
C02809,วรรณ,ชาย,25-34,B01,2025-08-10,3,False,สยาม
C02810,อรุณ,ชาย,45-54,B01,2025-06-13,5,False,สยาม
C02811,รัตนา,หญิง,18-24,B03,2026-02-27,2,False,อารีย์
C02812,นภัส,ชาย,25-34,B03,2026-01-26,3,False,อารีย์
C02813,รัตนา,หญิง,18-24,B01,2025-07-24,2,False,สยาม
C02814,วีระ,หญิง,55+,B03,2026-05-24,6,False,อารีย์
C02815,จิรา,หญิง,18-24,B02,2026-03-27,2,False,สีลม
C02816,วีระ,หญิง,35-44,B02,2025-06-23,4,False,สีลม
C02817,กิตติ,ชาย,25-34,B01,2025-10-13,3,False,สยาม
C02818,กมล,หญิง,18-24,B04,2026-08-29,2,False,บางนา
C02819,ธีร,หญิง,45-54,B01,2026-02-19,5,False,สยาม
C02820,ปิยะ,หญิง,18-24,B04,2026-08-16,2,False,บางนา
C02821,กิตติ,ชาย,18-24,B01,2026-07-21,2,False,สยาม
C02822,ภูมิ,หญิง,25-34,B01,2025-07-25,3,False,สยาม
C02823,ศิริ,ชาย,18-24,B05,2025-10-14,2,False,มหาวิทยาลัย
C02824,ชนา,ชาย,35-44,B04,2026-01-03,4,False,บางนา
C02825,จิรา,หญิง,45-54,B03,2026-03-10,5,False,อารีย์
C02826,ภูมิ,ชาย,18-24,B03,2026-05-01,2,False,อารีย์
C02827,ชนา,หญิง,35-44,B02,2025-10-03,4,False,สีลม
C02828,เกศ,ชาย,25-34,B02,2026-05-29,3,False,สีลม
C02829,ปิยะ,หญิง,18-24,B04,2025-09-22,2,False,บางนา
C02830,ธนา,หญิง,25-34,B02,2025-08-14,3,False,สีลม
C02831,กิตติ,หญิง,25-34,B03,2025-12-16,3,False,อารีย์
C02832,วีระ,หญิง,18-24,B04,2026-08-19,2,False,บางนา
C02833,ชนา,ไม่ระบุ,18-24,B02,2026-03-26,2,False,สีลม
C02834,ภัทร,ชาย,25-34,B04,2025-06-05,3,False,บางนา
C02835,ปิยะ,ชาย,45-54,B02,2026-06-03,5,False,สีลม
C02836,ณัฐ,หญิง,25-34,B01,2026-05-27,3,False,สยาม
C02837,เกศ,ชาย,18-24,B01,2025-10-01,2,False,สยาม
C02838,นภัส,หญิง,25-34,B05,2025-08-20,3,False,มหาวิทยาลัย
C02839,สุดา,หญิง,55+,B02,2026-06-05,6,False,สีลม
C02840,สุดา,ไม่ระบุ,55+,B03,2026-08-10,6,False,อารีย์
C02841,ปิยะ,ชาย,45-54,B05,2026-02-25,5,False,มหาวิทยาลัย
C02842,สุดา,หญิง,18-24,B05,2025-07-01,2,False,มหาวิทยาลัย
C02843,ธีร,หญิง,25-34,B05,2026-05-20,3,False,มหาวิทยาลัย
C02844,เกศ,หญิง,25-34,B02,2025-12-06,3,False,สีลม
C02845,ศิริ,ชาย,18-24,B04,2026-06-29,2,False,บางนา
C02846,กิตติ,หญิง,18-24,B04,2025-06-12,2,False,บางนา
C02847,ปวีณ,ชาย,25-34,B04,2026-04-06,3,False,บางนา
C02848,อัญชลี,ชาย,18-24,B02,2026-04-01,2,False,สีลม
C02849,ชนา,ชาย,45-54,B04,2026-08-24,5,False,บางนา
C02850,กิตติ,หญิง,25-34,B02,2025-11-01,3,False,สีลม
C02851,ธีร,หญิง,18-24,B03,2026-09-13,2,False,อารีย์
C02852,พิม,หญิง,25-34,B04,2026-07-08,3,False,บางนา
C02853,ปิยะ,หญิง,35-44,B03,2026-01-11,4,False,อารีย์
C02854,ธีร,หญิง,18-24,B05,2026-08-26,2,False,มหาวิทยาลัย
C02855,ทิพย์,ชาย,18-24,B02,2026-01-29,2,False,สีลม
C02856,อรุณ,หญิง,25-34,B03,2026-07-30,3,False,อารีย์
C02857,ชนา,หญิง,18-24,B02,2025-09-03,2,False,สีลม
C02858,ธนา,ชาย,ต่ำกว่า 18,B05,2025-08-30,1,True,มหาวิทยาลัย
C02859,รัตนา,หญิง,55+,B01,2026-03-23,6,False,สยาม
C02860,สุดา,ไม่ระบุ,35-44,B02,2026-05-21,4,False,สีลม
C02861,นภัส,หญิง,45-54,B04,2026-07-19,5,False,บางนา
C02862,พิม,หญิง,35-44,B05,2025-12-24,4,False,มหาวิทยาลัย
C02863,อรุณ,หญิง,18-24,B05,2025-12-22,2,False,มหาวิทยาลัย
C02864,สุดา,ชาย,35-44,B01,2025-10-26,4,False,สยาม
C02865,มานพ,ชาย,25-34,B04,2025-09-10,3,False,บางนา
C02866,สุดา,หญิง,18-24,B01,2025-10-20,2,False,สยาม
C02867,ธนา,ชาย,25-34,B04,2025-04-04,3,False,บางนา
C02868,ธีร,หญิง,25-34,B03,2026-02-19,3,False,อารีย์
C02869,วีระ,หญิง,55+,B04,2026-06-01,6,False,บางนา
C02870,ทิพย์,หญิง,45-54,B01,2025-07-17,5,False,สยาม
C02871,ภูมิ,หญิง,18-24,B02,2026-05-08,2,False,สีลม
C02872,ปวีณ,หญิง,ต่ำกว่า 18,B04,2025-09-12,1,True,บางนา
C02873,ธีร,หญิง,25-34,B01,2026-02-02,3,False,สยาม
C02874,รัตนา,ชาย,ต่ำกว่า 18,B05,2026-05-29,1,True,มหาวิทยาลัย
C02875,นภัส,หญิง,45-54,B02,2026-01-14,5,False,สีลม
C02876,รัตนา,หญิง,55+,B05,2025-04-07,6,False,มหาวิทยาลัย
C02877,ภัทร,หญิง,25-34,B05,2025-05-22,3,False,มหาวิทยาลัย
C02878,อัญชลี,ไม่ระบุ,18-24,B04,2026-06-27,2,False,บางนา
C02879,สมชาย,หญิง,35-44,B01,2025-07-18,4,False,สยาม
C02880,กมล,หญิง,45-54,B02,2026-07-04,5,False,สีลม
C02881,รัตนา,หญิง,25-34,B04,2026-04-13,3,False,บางนา
C02882,ภูมิ,ชาย,35-44,B01,2026-07-30,4,False,สยาม
C02883,สมชาย,หญิง,35-44,B05,2026-02-12,4,False,มหาวิทยาลัย
C02884,อรุณ,ชาย,18-24,B05,2025-04-02,2,False,มหาวิทยาลัย
C02885,วรรณ,ชาย,25-34,B01,2026-07-30,3,False,สยาม
C02886,พิม,หญิง,25-34,B04,2026-09-09,3,False,บางนา
C02887,จิรา,ชาย,55+,B05,2026-09-12,6,False,มหาวิทยาลัย
C02888,ภัทร,ชาย,35-44,B01,2025-12-10,4,False,สยาม
C02889,พิม,หญิง,18-24,B02,2025-10-03,2,False,สีลม
C02890,ชนา,หญิง,25-34,B04,2026-07-01,3,False,บางนา
C02891,วรรณ,หญิง,25-34,B04,2025-05-27,3,False,บางนา
C02892,ทิพย์,หญิง,55+,B04,2026-03-12,6,False,บางนา
C02893,ธนา,ชาย,35-44,B02,2026-03-29,4,False,สีลม
C02894,มานพ,ไม่ระบุ,45-54,B02,2025-07-13,5,False,สีลม
C02895,ชนา,หญิง,18-24,B05,2026-08-24,2,False,มหาวิทยาลัย
C02896,จิรา,ชาย,25-34,B01,2025-05-06,3,False,สยาม
C02897,จิรา,หญิง,35-44,B03,2026-03-25,4,False,อารีย์
C02898,จิรา,ชาย,18-24,B03,2026-05-01,2,False,อารีย์
C02899,นภัส,หญิง,55+,B04,2026-05-12,6,False,บางนา
C02900,อรุณ,หญิง,18-24,B05,2025-04-11,2,False,มหาวิทยาลัย
C02901,สมชาย,ไม่ระบุ,45-54,B04,2026-03-29,5,False,บางนา
C02902,อัญชลี,หญิง,35-44,B05,2026-07-15,4,False,มหาวิทยาลัย
C02903,ปิยะ,ชาย,55+,B04,2026-03-02,6,False,บางนา
C02904,รัตนา,หญิง,35-44,B02,2026-01-27,4,False,สีลม
C02905,นภัส,ชาย,35-44,B01,2025-10-21,4,False,สยาม
C02906,รัตนา,หญิง,25-34,B05,2026-07-18,3,False,มหาวิทยาลัย
C02907,วีระ,หญิง,18-24,B04,2025-06-05,2,False,บางนา
C02908,พิม,หญิง,18-24,B01,2026-05-12,2,False,สยาม
C02909,อัญชลี,ชาย,25-34,B02,2026-08-21,3,False,สีลม
C02910,ธนา,หญิง,25-34,B05,2026-07-14,3,False,มหาวิทยาลัย
C02911,ภูมิ,หญิง,25-34,B03,2026-01-26,3,False,อารีย์
C02912,เกศ,ชาย,25-34,B02,2026-03-25,3,False,สีลม
C02913,ทิพย์,ชาย,25-34,B05,2025-07-08,3,False,มหาวิทยาลัย
C02914,ชนา,หญิง,18-24,B01,2026-07-01,2,False,สยาม
C02915,พิม,ชาย,35-44,B02,2026-03-05,4,False,สีลม
C02916,ปิยะ,หญิง,18-24,B01,2025-07-01,2,False,สยาม
C02917,ธีร,ชาย,25-34,B02,2025-06-04,3,False,สีลม
C02918,พิม,ชาย,35-44,B05,2026-01-07,4,False,มหาวิทยาลัย
C02919,วรรณ,หญิง,18-24,B04,2026-01-29,2,False,บางนา
C02920,รัตนา,หญิง,45-54,B05,2025-06-26,5,False,มหาวิทยาลัย
C02921,รัตนา,หญิง,55+,B01,2026-06-16,6,False,สยาม
C02922,ชนา,หญิง,25-34,B02,2025-04-30,3,False,สีลม
C02923,ณัฐ,ชาย,25-34,B01,2025-05-08,3,False,สยาม
C02924,ธีร,ชาย,25-34,B01,2025-05-07,3,False,สยาม
C02925,ภัทร,หญิง,ต่ำกว่า 18,B02,2025-12-31,1,True,สีลม
C02926,รัตนา,ชาย,25-34,B01,2025-10-16,3,False,สยาม
C02927,กิตติ,ชาย,ต่ำกว่า 18,B01,2025-08-25,1,True,สยาม
C02928,ธีร,หญิง,55+,B03,2026-06-06,6,False,อารีย์
C02929,วรรณ,หญิง,18-24,B02,2026-05-07,2,False,สีลม
C02930,กมล,หญิง,35-44,B04,2025-11-01,4,False,บางนา
C02931,ชนา,ชาย,ต่ำกว่า 18,B02,2025-10-08,1,True,สีลม
C02932,อรุณ,หญิง,45-54,B02,2025-09-25,5,False,สีลม
C02933,วีระ,ชาย,ต่ำกว่า 18,B04,2026-03-05,1,True,บางนา
C02934,สมชาย,หญิง,25-34,B05,2026-07-25,3,False,มหาวิทยาลัย
C02935,สุดา,หญิง,18-24,B04,2025-12-31,2,False,บางนา
C02936,ชนา,ไม่ระบุ,25-34,B05,2026-04-04,3,False,มหาวิทยาลัย
C02937,เกศ,ชาย,35-44,B04,2026-02-23,4,False,บางนา
C02938,นภัส,หญิง,18-24,B03,2025-12-05,2,False,อารีย์
C02939,กมล,หญิง,18-24,B02,2025-09-10,2,False,สีลม
C02940,ปิยะ,ชาย,25-34,B02,2025-11-12,3,False,สีลม
C02941,ณัฐ,ชาย,35-44,B02,2026-08-28,4,False,สีลม
C02942,เกศ,ชาย,35-44,B01,2026-02-19,4,False,สยาม
C02943,จิรา,ชาย,35-44,B03,2026-05-18,4,False,อารีย์
C02944,สุดา,หญิง,35-44,B01,2026-05-14,4,False,สยาม
C02945,นภัส,หญิง,45-54,B02,2025-09-30,5,False,สีลม
C02946,จิรา,หญิง,25-34,B01,2025-10-17,3,False,สยาม
C02947,อัญชลี,หญิง,25-34,B01,2025-12-13,3,False,สยาม
C02948,กมล,หญิง,35-44,B01,2026-02-07,4,False,สยาม
C02949,มานพ,ชาย,25-34,B05,2026-01-29,3,False,มหาวิทยาลัย
C02950,ศิริ,ไม่ระบุ,25-34,B01,2026-02-12,3,False,สยาม
C02951,ทิพย์,ชาย,25-34,B05,2025-06-30,3,False,มหาวิทยาลัย
C02952,ชนา,หญิง,ต่ำกว่า 18,B05,2026-06-09,1,True,มหาวิทยาลัย
C02953,ทิพย์,ชาย,45-54,B02,2026-02-08,5,False,สีลม
C02954,นภัส,หญิง,25-34,B02,2025-06-22,3,False,สีลม
C02955,นภัส,ชาย,18-24,B03,2026-05-04,2,False,อารีย์
C02956,ภูมิ,หญิง,45-54,B01,2025-07-19,5,False,สยาม
C02957,พิม,หญิง,35-44,B03,2026-01-03,4,False,อารีย์
C02958,ปวีณ,หญิง,55+,B05,2025-04-18,6,False,มหาวิทยาลัย
C02959,ศิริ,หญิง,18-24,B02,2025-11-25,2,False,สีลม
C02960,ธนา,ชาย,25-34,B05,2026-01-19,3,False,มหาวิทยาลัย
C02961,ปวีณ,ชาย,18-24,B02,2026-01-22,2,False,สีลม
C02962,ปิยะ,หญิง,25-34,B05,2025-08-13,3,False,มหาวิทยาลัย
C02963,ชนา,หญิง,18-24,B04,2026-04-25,2,False,บางนา
C02964,อัญชลี,ชาย,18-24,B05,2026-02-25,2,False,มหาวิทยาลัย
C02965,กิตติ,ชาย,25-34,B01,2026-06-25,3,False,สยาม
C02966,ศิริ,ชาย,18-24,B03,2026-08-15,2,False,อารีย์
C02967,สมชาย,ชาย,25-34,B03,2026-06-18,3,False,อารีย์
C02968,กิตติ,ชาย,25-34,B05,2025-08-09,3,False,มหาวิทยาลัย
C02969,อัญชลี,ชาย,55+,B05,2025-12-07,6,False,มหาวิทยาลัย
C02970,ธนา,หญิง,25-34,B04,2026-08-23,3,False,บางนา
C02971,ปวีณ,ไม่ระบุ,18-24,B05,2025-05-22,2,False,มหาวิทยาลัย
C02972,สมชาย,หญิง,18-24,B05,2026-02-23,2,False,มหาวิทยาลัย
C02973,สุดา,หญิง,35-44,B01,2025-09-15,4,False,สยาม
C02974,รัตนา,ชาย,35-44,B05,2026-04-30,4,False,มหาวิทยาลัย
C02975,จิรา,ชาย,25-34,B01,2026-03-09,3,False,สยาม
C02976,ภัทร,ชาย,35-44,B02,2025-08-20,4,False,สีลม
C02977,สมชาย,ชาย,25-34,B04,2026-08-19,3,False,บางนา
C02978,จิรา,หญิง,55+,B04,2026-05-22,6,False,บางนา
C02979,อัญชลี,ชาย,55+,B05,2025-08-25,6,False,มหาวิทยาลัย
C02980,พิม,ชาย,45-54,B05,2025-04-04,5,False,มหาวิทยาลัย
C02981,มานพ,หญิง,25-34,B05,2025-07-31,3,False,มหาวิทยาลัย
C02982,นภัส,ชาย,18-24,B03,2026-08-12,2,False,อารีย์
C02983,ปิยะ,หญิง,25-34,B04,2025-11-16,3,False,บางนา
C02984,ปิยะ,หญิง,35-44,B05,2026-05-17,4,False,มหาวิทยาลัย
C02985,มานพ,หญิง,25-34,B02,2026-05-06,3,False,สีลม
C02986,ปิยะ,หญิง,35-44,B01,2025-08-14,4,False,สยาม
C02987,ชนา,หญิง,18-24,B02,2025-08-20,2,False,สีลม
C02988,วีระ,หญิง,25-34,B04,2026-05-13,3,False,บางนา
C02989,วีระ,ชาย,ต่ำกว่า 18,B01,2026-05-03,1,True,สยาม
C02990,วีระ,หญิง,25-34,B04,2026-09-14,3,False,บางนา
C02991,นภัส,หญิง,18-24,B02,2026-07-27,2,False,สีลม
C02992,สมชาย,หญิง,18-24,B05,2026-04-30,2,False,มหาวิทยาลัย
C02993,กมล,ชาย,35-44,B02,2025-11-09,4,False,สีลม
C02994,มานพ,ชาย,35-44,B01,2025-04-25,4,False,สยาม
C02995,ภัทร,หญิง,35-44,B01,2025-04-06,4,False,สยาม
C02996,จิรา,ชาย,25-34,B04,2025-12-09,3,False,บางนา
C02997,อัญชลี,ชาย,25-34,B01,2026-05-12,3,False,สยาม
C02998,รัตนา,ชาย,ต่ำกว่า 18,B02,2026-09-11,1,True,สีลม
C02999,สุดา,หญิง,18-24,B01,2025-09-16,2,False,สยาม
C03000,กิตติ,ชาย,55+,B05,2026-06-07,6,False,มหาวิทยาลัย
